query_id,image_path,status,scored,in_catalog,accepted_slugs,note,source,x,y,needs_review,training_use
t-001,t-001.jpg,ok,True,True,massandra-kokur-desertnyy-surozh-beloe-sladkoe-16,"На этикетке: КОКУР ДЕСЕРТНЫЙ СУРОЖ, выдержка в дубе.",51.jpg,31,72,False,catalog
t-002,t-002.jpg,notcat,True,False,,"На этикетке: МЕРЛО 2025, вино ординарное сухое красное. В локальном каталоге Массандра Мерло не найдено.",51.jpg,58,72,False,out_of_catalog
t-003,t-003.jpg,ok,True,True,massandra-portveyn-krasnyy-alushta-krasnye-sorta-vinograda-krasnoe-sladkoe-17,"На этикетке: ПОРТВЕЙН КРАСНЫЙ АЛУШТА, 2025. Совпадают производитель, цвет и название.",52.jpg,23,72,False,catalog
t-004,t-004.jpg,ok,True,True,massandra-kokur-desertnyy-surozh-beloe-sladkoe-16,"На этикетке: КОКУР ДЕСЕРТНЫЙ СУРОЖ, выдержка в дубе.",52.jpg,51,72,False,catalog
t-005,t-005.jpg,notcat,True,False,,"На этикетке: МЕРЛО 2025, вино ординарное сухое красное. В локальном каталоге Массандра Мерло не найдено.",52.jpg,79,73,False,out_of_catalog
t-006,t-006.jpg,notcat,True,False,,"На этикетке: МАДЕРА МАССАНДРА, выдержка в дубе. Каталожная «Мадера Крымская» — другое наименование, соответствие не принимается.",53.jpg,25,70,False,out_of_catalog
t-007,t-007.jpg,ok,True,True,massandra-portveyn-krasnyy-alushta-krasnye-sorta-vinograda-krasnoe-sladkoe-17,"На этикетке: ПОРТВЕЙН КРАСНЫЙ АЛУШТА, 2025. Совпадают производитель, цвет и название.",53.jpg,51,69,False,catalog
t-008,t-008.jpg,ok,True,True,massandra-kokur-desertnyy-surozh-beloe-sladkoe-16,"На этикетке: КОКУР ДЕСЕРТНЫЙ СУРОЖ, выдержка в дубе.",53.jpg,78,70,False,catalog
t-009,t-009.jpg,notcat,True,False,,"На этикетке: КАБЕРНЕ 2024, вино ординарное сухое красное. Каталожное «Каберне Совиньон» Массандры описано как сладкое, поэтому не принимается.",54.jpg,21,75,False,out_of_catalog
t-010,t-010.jpg,notcat,True,False,,"На этикетке: МАДЕРА МАССАНДРА, выдержка в дубе. Каталожная «Мадера Крымская» — другое наименование, соответствие не принимается.",54.jpg,49,75,False,out_of_catalog
t-011,t-011.jpg,ok,True,True,massandra-portveyn-krasnyy-alushta-krasnye-sorta-vinograda-krasnoe-sladkoe-17,"На этикетке: ПОРТВЕЙН КРАСНЫЙ АЛУШТА, 2025. Совпадают производитель, цвет и название.",54.jpg,77,75,False,catalog
t-012,t-012.jpg,ok,True,True,massandra-kagor-gurzuf-saperavi-krasnoe-sladkoe-16,"На этикетке: КАГОР ГУРЗУФ, 2024.",55.jpg,21,70,False,catalog
t-013,t-013.jpg,notcat,True,False,,"На этикетке: КАБЕРНЕ 2024, вино ординарное сухое красное. Каталожное «Каберне Совиньон» Массандры описано как сладкое, поэтому не принимается.",55.jpg,47,70,False,out_of_catalog
t-014,t-014.jpg,notcat,True,False,,"На этикетке: МАДЕРА МАССАНДРА, выдержка в дубе. Каталожная «Мадера Крымская» — другое наименование, соответствие не принимается.",55.jpg,75,69,False,out_of_catalog
t-015,t-015.jpg,ok,True,True,massandra-muskatel-rozovyy-belye-sorta-vinograda-rozovoe-sladkoe-16,"На этикетке: МУСКАТЕЛЬ МАССАНДРА РОЗОВЫЙ, 2023.",56.jpg,19,73,False,catalog
t-016,t-016.jpg,ok,True,True,massandra-kagor-gurzuf-saperavi-krasnoe-sladkoe-16,"На этикетке: КАГОР ГУРЗУФ, 2024.",56.jpg,47,73,False,catalog
t-017,t-017.jpg,notcat,True,False,,"На этикетке: КАБЕРНЕ 2024, вино ординарное сухое красное. Каталожное «Каберне Совиньон» Массандры описано как сладкое, поэтому не принимается.",56.jpg,77,73,False,out_of_catalog
t-018,t-018.jpg,notcat,True,False,,"На этикетке: ПОРТВЕЙН БЕЛЫЙ ЮЖНОБЕРЕЖНЫЙ, выдержка в дубе. Такой карточки Массандры в локальном каталоге не найдено; другие белые портвейны не принимаются.",57.jpg,21,77,False,out_of_catalog
t-019,t-019.jpg,ok,True,True,massandra-muskatel-rozovyy-belye-sorta-vinograda-rozovoe-sladkoe-16,"На этикетке: МУСКАТЕЛЬ МАССАНДРА РОЗОВЫЙ, 2023.",57.jpg,49,77,False,catalog
t-020,t-020.jpg,ok,True,True,massandra-kagor-gurzuf-saperavi-krasnoe-sladkoe-16,"На этикетке: КАГОР ГУРЗУФ, 2024.",57.jpg,75,77,False,catalog
t-021,t-021.jpg,notcat,True,False,,"На этикетке: ПОРТВЕЙН РОЗОВЫЙ АЛУШТА, 2023. В локальном каталоге есть белый и красный Алушта, розового нет.",58.jpg,22,71,False,out_of_catalog
t-022,t-022.jpg,notcat,True,False,,"На этикетке: ПОРТВЕЙН БЕЛЫЙ ЮЖНОБЕРЕЖНЫЙ, выдержка в дубе. Такой карточки Массандры в локальном каталоге не найдено; другие белые портвейны не принимаются.",58.jpg,49,69,False,out_of_catalog
t-023,t-023.jpg,ok,True,True,massandra-muskatel-rozovyy-belye-sorta-vinograda-rozovoe-sladkoe-16,"На этикетке: МУСКАТЕЛЬ МАССАНДРА РОЗОВЫЙ, 2023.",58.jpg,76,70,False,catalog
t-024,t-024.jpg,ok,True,True,massandra-portveyn-belyy-alushta-belye-sorta-vinograda-beloe-sladkoe-17,"На этикетке: ПОРТВЕЙН БЕЛЫЙ АЛУШТА, 2025.",59.jpg,26,75,False,catalog
t-025,t-025.jpg,notcat,True,False,,"На этикетке: ПОРТВЕЙН РОЗОВЫЙ АЛУШТА, 2023. В локальном каталоге есть белый и красный Алушта, розового нет.",59.jpg,52,75,False,out_of_catalog
t-026,t-026.jpg,notcat,True,False,,"На этикетке: ПОРТВЕЙН БЕЛЫЙ ЮЖНОБЕРЕЖНЫЙ, выдержка в дубе. Такой карточки Массандры в локальном каталоге не найдено; другие белые портвейны не принимаются.",59.jpg,79,74,False,out_of_catalog
t-027,t-027.jpg,ok,True,True,portvejn-surozh,"На этикетке: ПОРТВЕЙН БЕЛЫЙ СУРОЖ. Это портвейн, не десертный Кокур Сурож.",60.jpg,20,66,False,catalog
t-028,t-028.jpg,ok,True,True,massandra-portveyn-belyy-alushta-belye-sorta-vinograda-beloe-sladkoe-17,"На этикетке: ПОРТВЕЙН БЕЛЫЙ АЛУШТА, 2025.",60.jpg,47,66,False,catalog
t-029,t-029.jpg,notcat,True,False,,"На этикетке: ПОРТВЕЙН РОЗОВЫЙ АЛУШТА, 2023. В локальном каталоге есть белый и красный Алушта, розового нет.",60.jpg,73,66,False,out_of_catalog
t-030,t-030.jpg,ok,True,True,massandra-muskatel-chernyy-krasnye-sorta-vinograda-krasnoe-sladkoe-16,"На этикетке: МУСКАТЕЛЬ МАССАНДРА ЧЕРНЫЙ, 2024.",61.jpg,28,71,False,catalog
t-031,t-031.jpg,ok,True,True,portvejn-surozh,"На этикетке: ПОРТВЕЙН БЕЛЫЙ СУРОЖ. Это портвейн, не десертный Кокур Сурож.",61.jpg,55,72,False,catalog
t-032,t-032.jpg,ok,True,True,massandra-portveyn-belyy-alushta-belye-sorta-vinograda-beloe-sladkoe-17,"На этикетке: ПОРТВЕЙН БЕЛЫЙ АЛУШТА, 2025.",61.jpg,81,74,False,catalog
t-033,t-033.jpg,ok,True,True,massandra-muskatel-chernyy-krasnye-sorta-vinograda-krasnoe-sladkoe-16,"На этикетке: МУСКАТЕЛЬ МАССАНДРА ЧЕРНЫЙ, 2024.",62.jpg,49,60,False,catalog
t-034,t-034.jpg,ok,True,True,portvejn-surozh,"На этикетке: ПОРТВЕЙН БЕЛЫЙ СУРОЖ. Это портвейн, не десертный Кокур Сурож.",62.jpg,73,62,False,catalog
t-035,t-035.jpg,ok,True,True,massandra-portveyn-belyy-krymskiy-kokur-beloe-sladkoe-18,"На этикетке: ПОРТВЕЙН БЕЛЫЙ КРЫМСКИЙ, выдержка в дубе.",63.jpg,20,71,False,catalog
t-036,t-036.jpg,notcat,True,False,,"На этикетке: МУСКАТ 2025, Крым, ординарное сухое розовое. Каталожная карточка «Массандра Мускат» относится к белому вину и не принимается.",63.jpg,50,70,False,out_of_catalog
t-037,t-037.jpg,ok,True,True,massandra-muskatel-chernyy-krasnye-sorta-vinograda-krasnoe-sladkoe-16,"На этикетке: МУСКАТЕЛЬ МАССАНДРА ЧЕРНЫЙ, 2024.",63.jpg,84,69,False,catalog
t-038,t-038.jpg,notcat,True,False,,"На этикетке: АБЗА, ВИНО БЕЛОЕ ПОЛУСЛАДКОЕ, АШАМТА. Название в локальном каталоге не найдено.",64.jpg,29,65,False,out_of_catalog
t-039,t-039.jpg,ok,True,True,massandra-portveyn-belyy-krymskiy-kokur-beloe-sladkoe-18,"На этикетке: ПОРТВЕЙН БЕЛЫЙ КРЫМСКИЙ, выдержка в дубе.",64.jpg,54,70,False,catalog
t-040,t-040.jpg,notcat,True,False,,"На этикетке: МУСКАТ 2025, Крым, ординарное сухое розовое. Каталожная карточка «Массандра Мускат» относится к белому вину и не принимается.",64.jpg,78,68,False,out_of_catalog
t-041,t-041.jpg,ok,True,True,abrau-dyurso-abrau-kupazh-svetlyy-suhoe-shardone-beloe-125,"На этикетке: ABRAU COLLECTION, БЕЛОЕ СУХОЕ, купажное вино; зелёный автомобиль с грушей. Каталожный «Абрау Купаж светлый сухое» имеет тот же рисунок и тип; принято соответствие вина при изменении надписи бренда.",65.jpg,16,70,False,catalog
t-042,t-042.jpg,notcat,True,False,,"На этикетке: АБЗА, ВИНО БЕЛОЕ ПОЛУСЛАДКОЕ, АШАМТА. Название в локальном каталоге не найдено.",65.jpg,46,73,False,out_of_catalog
t-043,t-043.jpg,ok,True,True,massandra-portveyn-belyy-krymskiy-kokur-beloe-sladkoe-18,"На этикетке: ПОРТВЕЙН БЕЛЫЙ КРЫМСКИЙ, выдержка в дубе.",65.jpg,78,75,False,catalog
t-044,t-044.jpg,ok,True,True,abrau-dyurso-abrau-kupazh-tyomnyy-suhoe-kaberne-sovinon-krasnoe-13,"На этикетке: ABRAU COLLECTION, КРАСНОЕ СУХОЕ, купажное вино; автомобиль с виноградом и сливой. Каталожный «Абрау Купаж тёмный сухое» имеет тот же рисунок и тип; принято соответствие вина при редизайне.",66.jpg,14,67,False,catalog
t-045,t-045.jpg,ok,True,True,abrau-dyurso-abrau-kupazh-svetlyy-suhoe-shardone-beloe-125,"На этикетке: ABRAU COLLECTION, БЕЛОЕ СУХОЕ, купажное вино; зелёный автомобиль с грушей. Каталожный «Абрау Купаж светлый сухое» имеет тот же рисунок и тип; принято соответствие вина при изменении надписи бренда.",66.jpg,50,64,False,catalog
t-046,t-046.jpg,notcat,True,False,,"На этикетке: АБЗА, ВИНО БЕЛОЕ ПОЛУСЛАДКОЕ, АШАМТА. Название в локальном каталоге не найдено.",66.jpg,85,65,False,out_of_catalog
t-047,t-047.jpg,ok,True,True,abrau-dyurso-shardone-beloe-suhoe-13;abrau-dyurso-shardone-beloe-suhoe-12,"На этикетке: Русский винный дом Абрау-Дюрсо, ШАРДОНЕ, сухое белое 2024; герб и номер тиража. Допускаются две одноимённые каталожные карточки; год и номер бутылки не являются отдельным классом.",67.jpg,28,79,False,catalog
t-048,t-048.jpg,ok,True,True,abrau-dyurso-abrau-kupazh-tyomnyy-suhoe-kaberne-sovinon-krasnoe-13,"На этикетке: ABRAU COLLECTION, КРАСНОЕ СУХОЕ, купажное вино; автомобиль с виноградом и сливой. Каталожный «Абрау Купаж тёмный сухое» имеет тот же рисунок и тип; принято соответствие вина при редизайне.",67.jpg,52,65,False,catalog
t-049,t-049.jpg,ok,True,True,abrau-dyurso-abrau-kupazh-svetlyy-suhoe-shardone-beloe-125,"На этикетке: ABRAU COLLECTION, БЕЛОЕ СУХОЕ, купажное вино; зелёный автомобиль с грушей. Каталожный «Абрау Купаж светлый сухое» имеет тот же рисунок и тип; принято соответствие вина при изменении надписи бренда.",67.jpg,76,64,False,catalog
t-050,t-050.jpg,ok,True,True,abrau-dyurso-pino-nuar-krasnoe-suhoe-12,"На этикетке: Русский винный дом Абрау-Дюрсо, ПИНО НУАР, сухое красное 2024; бордовый герб и капсула. Дизайн совпадает с эталоном.",68.jpg,30,79,False,catalog
t-051,t-051.jpg,ok,True,True,abrau-dyurso-shardone-beloe-suhoe-13;abrau-dyurso-shardone-beloe-suhoe-12,"На этикетке: Русский винный дом Абрау-Дюрсо, ШАРДОНЕ, сухое белое 2024; герб и номер тиража. Допускаются две одноимённые каталожные карточки; год и номер бутылки не являются отдельным классом.",68.jpg,60,79,False,catalog
t-052,t-052.jpg,ok,True,True,abrau-dyurso-abrau-kupazh-tyomnyy-suhoe-kaberne-sovinon-krasnoe-13,"На этикетке: ABRAU COLLECTION, КРАСНОЕ СУХОЕ, купажное вино; автомобиль с виноградом и сливой. Каталожный «Абрау Купаж тёмный сухое» имеет тот же рисунок и тип; принято соответствие вина при редизайне.",68.jpg,88,63,False,catalog
t-053,t-053.jpg,ok,True,True,abrau-dyurso-kaberne-sovinon-krasnoe-suhoe-125,"На этикетке: Русский винный дом Абрау-Дюрсо, КАБЕРНЕ СОВИНЬОН; бордовый герб на белой этикетке.",69.jpg,14,66,False,catalog
t-054,t-054.jpg,ok,True,True,abrau-dyurso-risling-beloe-suhoe-12;abrau-dyurso-risling-beloe-suhoe-13,"На этикетке: Русский винный дом Абрау-Дюрсо, РИСЛИНГ, сухое белое 2024; высокая бутылка, герб. Допускаются одноимённые карточки одного типа вина.",69.jpg,32,80,False,catalog
t-055,t-055.jpg,ok,True,True,abrau-dyurso-pino-nuar-krasnoe-suhoe-12,"На этикетке: Русский винный дом Абрау-Дюрсо, ПИНО НУАР, сухое красное 2024; бордовый герб и капсула. Дизайн совпадает с эталоном.",69.jpg,59,81,False,catalog
t-056,t-056.jpg,ok,True,True,abrau-dyurso-shardone-beloe-suhoe-13;abrau-dyurso-shardone-beloe-suhoe-12,"На этикетке: Русский винный дом Абрау-Дюрсо, ШАРДОНЕ, сухое белое 2024; герб и номер тиража. Допускаются две одноимённые каталожные карточки; год и номер бутылки не являются отдельным классом.",69.jpg,86,81,False,catalog
t-057,t-057.jpg,ok,True,True,abrau-dyurso-kaberne-sovinon-krasnoe-suhoe-125,"На этикетке: Русский винный дом Абрау-Дюрсо, КАБЕРНЕ СОВИНЬОН; бордовый герб на белой этикетке.",70.jpg,28,65,False,catalog
t-058,t-058.jpg,ok,True,True,abrau-dyurso-risling-beloe-suhoe-12;abrau-dyurso-risling-beloe-suhoe-13,"На этикетке: Русский винный дом Абрау-Дюрсо, РИСЛИНГ, сухое белое 2024; высокая бутылка, герб. Допускаются одноимённые карточки одного типа вина.",70.jpg,52,85,False,catalog
t-059,t-059.jpg,ok,True,True,abrau-dyurso-pino-nuar-krasnoe-suhoe-12,"На этикетке: Русский винный дом Абрау-Дюрсо, ПИНО НУАР, сухое красное 2024; бордовый герб и капсула. Дизайн совпадает с эталоном.",70.jpg,80,84,False,catalog
t-060,t-060.jpg,ok,True,True,abrau-dyurso-kaberne-sovinon-krasnoe-suhoe-125,"На этикетке: Русский винный дом Абрау-Дюрсо, КАБЕРНЕ СОВИНЬОН; бордовый герб на белой этикетке.",71.jpg,52,71,False,catalog
t-061,t-061.jpg,ok,True,True,olymp-winery-adagum-odessa-black-kuban-odesskiy-chernyy-krasnoe-suhoe-11,"На этикетке: ADAGUM ОДЕССКИЙ ЧЕРНЫЙ, сухое красное, Кубань; синий пейзаж.",72.jpg,25,59,False,catalog
t-062,t-062.jpg,ok,True,True,olymp-winery-adagum-saperavi-saperavi-krasnoe-suhoe-11,"На этикетке: ADAGUM SAPERAVI, сухое красное, Кубань; бордовый пейзаж.",72.jpg,51,60,False,catalog
t-063,t-063.jpg,ok,True,True,olymp-winery-adagum-riesling-risling-beloe-suhoe-11,"На этикетке: ADAGUM RIESLING, сухое белое, Кубань; зелёный пейзаж.",73.jpg,26,79,False,catalog
t-064,t-064.jpg,ok,True,True,olymp-winery-adagum-odessa-black-kuban-odesskiy-chernyy-krasnoe-suhoe-11,"На этикетке: ADAGUM ОДЕССКИЙ ЧЕРНЫЙ, сухое красное, Кубань; синий пейзаж.",73.jpg,55,69,False,catalog
t-065,t-065.jpg,ok,True,True,olymp-winery-adagum-saperavi-saperavi-krasnoe-suhoe-11,"На этикетке: ADAGUM SAPERAVI, сухое красное, Кубань; бордовый пейзаж.",73.jpg,86,71,False,catalog
t-066,t-066.jpg,ok,True,True,olymp-winery-adagum-chardonnay-shardone-beloe-suhoe-11;olymp-winery-adagum-chardonnay-kuban-shardone-beloe-suhoe-11,"На этикетке: ADAGUM CHARDONNAY, сухое белое, Кубань; золотой пейзаж. Допускаются одноимённые каталожные карточки обычной линейки, не Estate.",74.jpg,20,73,False,catalog
t-067,t-067.jpg,ok,True,True,olymp-winery-adagum-riesling-risling-beloe-suhoe-11,"На этикетке: ADAGUM RIESLING, сухое белое, Кубань; зелёный пейзаж.",74.jpg,47,73,False,catalog
t-068,t-068.jpg,ok,True,True,olymp-winery-adagum-odessa-black-kuban-odesskiy-chernyy-krasnoe-suhoe-11,"На этикетке: ADAGUM ОДЕССКИЙ ЧЕРНЫЙ, сухое красное, Кубань; синий пейзаж.",74.jpg,75,62,False,catalog
t-069,t-069.jpg,notcat,True,False,,"Читается: Адагум Красностоп, сухое красное, Кубань. Другой дизайн с птицей. Кандидат в каталоге — Adagum Krasnostop с пейзажем; соответствие требует проверки, не помечено как вино вне каталога.",75.jpg,25,63,True,review
t-070,t-070.jpg,ok,True,True,olymp-winery-adagum-chardonnay-shardone-beloe-suhoe-11;olymp-winery-adagum-chardonnay-kuban-shardone-beloe-suhoe-11,"На этикетке: ADAGUM CHARDONNAY, сухое белое, Кубань; золотой пейзаж. Допускаются одноимённые каталожные карточки обычной линейки, не Estate.",75.jpg,52,76,False,catalog
t-071,t-071.jpg,ok,True,True,olymp-winery-adagum-riesling-risling-beloe-suhoe-11,"На этикетке: ADAGUM RIESLING, сухое белое, Кубань; зелёный пейзаж.",75.jpg,81,75,False,catalog
t-072,t-072.jpg,notcat,True,False,,"Читается: Адагум Каберне Совиньон, сухое красное, Кубань. Другой дизайн с часами и цветами. Кандидат — Adagum Cabernet Sauvignon с пейзажем; до подтверждения редизайна отложено на проверку.",76.jpg,19,72,True,review
t-073,t-073.jpg,notcat,True,False,,"Читается: Адагум Красностоп, сухое красное, Кубань. Другой дизайн с птицей. Кандидат в каталоге — Adagum Krasnostop с пейзажем; соответствие требует проверки, не помечено как вино вне каталога.",76.jpg,48,68,True,review
t-074,t-074.jpg,ok,True,True,olymp-winery-adagum-chardonnay-shardone-beloe-suhoe-11;olymp-winery-adagum-chardonnay-kuban-shardone-beloe-suhoe-11,"На этикетке: ADAGUM CHARDONNAY, сухое белое, Кубань; золотой пейзаж. Допускаются одноимённые каталожные карточки обычной линейки, не Estate.",76.jpg,80,81,False,catalog
t-075,t-075.jpg,unsure,False,,,"Название и тип вина не читаются через упаковку. Не назначен ни каталожный класс, ни метка «вне каталога»; нужна ручная проверка.",77.jpg,16,62,False,exclude
t-076,t-076.jpg,ok,True,True,olymp-winery-adagum-krasnostop-krasnostop-zolotovskiy-krasnoe-suhoe-11,"На этикетке: ADAGUM KRASNOSTOP, сухое красное, Кубань; бордовый пейзаж.",77.jpg,39,60,False,catalog
t-077,t-077.jpg,notcat,True,False,,"Читается: Адагум Каберне Совиньон, сухое красное, Кубань. Другой дизайн с часами и цветами. Кандидат — Adagum Cabernet Sauvignon с пейзажем; до подтверждения редизайна отложено на проверку.",77.jpg,64,64,True,review
t-078,t-078.jpg,notcat,True,False,,"Читается: Адагум Красностоп, сухое красное, Кубань. Другой дизайн с птицей. Кандидат в каталоге — Adagum Krasnostop с пейзажем; соответствие требует проверки, не помечено как вино вне каталога.",77.jpg,88,62,True,review
t-079,t-079.jpg,unsure,False,,,"Название и тип вина не читаются через упаковку. Не назначен ни каталожный класс, ни метка «вне каталога»; нужна ручная проверка.",78.jpg,26,62,False,exclude
t-080,t-080.jpg,ok,True,True,olymp-winery-adagum-krasnostop-krasnostop-zolotovskiy-krasnoe-suhoe-11,"На этикетке: ADAGUM KRASNOSTOP, сухое красное, Кубань; бордовый пейзаж.",78.jpg,54,55,False,catalog
t-081,t-081.jpg,notcat,True,False,,"Читается: Адагум Каберне Совиньон, сухое красное, Кубань. Другой дизайн с часами и цветами. Кандидат — Adagum Cabernet Sauvignon с пейзажем; до подтверждения редизайна отложено на проверку.",78.jpg,87,61,True,review
t-082,t-082.jpg,ok,True,True,vysokij-bereg-traminer-zelenaya-seriya,"На этикетке: ВЫСОКИЙ БЕРЕГ, ТРАМИНЕР, 2025. Та же зелёная серия, что в каталоге.",79.jpg,16,75,False,catalog
t-083,t-083.jpg,ok,True,True,vysokij-bereg-risling-zelenaya-seriya-2;vysokij-bereg-risling-zelenaya-seriya-1;vysokij-bereg-risling-zelenaya-seriya,"На этикетке: ВЫСОКИЙ БЕРЕГ, РИСЛИНГ, 2025. Зелёная серия; несколько карточек одного наименования.",79.jpg,38,75,False,catalog
t-084,t-084.jpg,notcat,True,False,,"На этикетке: FANAGORIA, HAY-BAY, ШАРДОНЕ, 2022, БЕЛОЕ СУХОЕ. Бутылка в белой сетке. HAY-BAY в локальном каталоге не найдено.",79.jpg,62,76,False,out_of_catalog
t-085,t-085.jpg,unsure,False,,,На фото 79 читаются HAY-BAY и 2022; сорт красного вина на загнутой этикетке не установлен. Не использовать как подтверждённый класс.,79.jpg,87,75,False,exclude
t-086,t-086.jpg,notcat,True,False,,"На жёлтой этикетке с таксой: RIESLING, NEON, WHITE DRY WINE 2025, ARISTOV. В каталоге есть Аристов Рислинг другого оформления, соответствие серии NEON не подтверждено.",80.jpg,12,76,False,out_of_catalog
t-087,t-087.jpg,ok,True,True,vysokij-bereg-traminer-zelenaya-seriya,"На этикетке: ВЫСОКИЙ БЕРЕГ, ТРАМИНЕР, 2025. Та же зелёная серия, что в каталоге.",80.jpg,34,75,False,catalog
t-088,t-088.jpg,ok,True,True,vysokij-bereg-risling-zelenaya-seriya-2;vysokij-bereg-risling-zelenaya-seriya-1;vysokij-bereg-risling-zelenaya-seriya,"На этикетке: ВЫСОКИЙ БЕРЕГ, РИСЛИНГ, 2025. Зелёная серия; несколько карточек одного наименования.",80.jpg,54,75,False,catalog
t-089,t-089.jpg,notcat,True,False,,"На этикетке: FANAGORIA, HAY-BAY, ШАРДОНЕ, 2022, БЕЛОЕ СУХОЕ. Бутылка в белой сетке. HAY-BAY в локальном каталоге не найдено.",80.jpg,77,75,False,out_of_catalog
t-090,t-090.jpg,notcat,True,False,,"На этикетке: Солнечная Долина, Мерло, 2025, сухое красное. Этой позиции в каталоге нет.",81.jpg,8,64,False,out_of_catalog
t-091,t-091.jpg,notcat,True,False,,"На этикетке: Солнечная Долина, Кариньян, 2024, сухое красное. Этой позиции в каталоге нет.",81.jpg,25,64,False,out_of_catalog
t-092,t-092.jpg,notcat,True,False,,"На жёлтой этикетке с таксой: RIESLING, NEON, WHITE DRY WINE 2025, ARISTOV. В каталоге есть Аристов Рислинг другого оформления, соответствие серии NEON не подтверждено.",81.jpg,47,71,False,out_of_catalog
t-093,t-093.jpg,ok,True,True,vysokij-bereg-traminer-zelenaya-seriya,"На этикетке: ВЫСОКИЙ БЕРЕГ, ТРАМИНЕР, 2025. Та же зелёная серия, что в каталоге.",81.jpg,64,69,False,catalog
t-094,t-094.jpg,ok,True,True,vysokij-bereg-risling-zelenaya-seriya-2;vysokij-bereg-risling-zelenaya-seriya-1;vysokij-bereg-risling-zelenaya-seriya,"На этикетке: ВЫСОКИЙ БЕРЕГ, РИСЛИНГ, 2025. Зелёная серия; несколько карточек одного наименования.",81.jpg,83,69,False,catalog
t-095,t-095.jpg,notcat,True,False,,"На этикетке: Пти Вердо Солнечной Долины, Пти Вердо Кефесия, сухое красное. В каталоге нет.",82.jpg,25,53,False,out_of_catalog
t-096,t-096.jpg,notcat,True,False,,"На этикетке: Меганом, 2025, Бастардо Кефесия, сухое красное. Каталожные Меганом белое/игристое не подходят.",82.jpg,47,57,False,out_of_catalog
t-097,t-097.jpg,notcat,True,False,,"На этикетке: Солнечная Долина, Мерло, 2025, сухое красное. Этой позиции в каталоге нет.",82.jpg,73,56,False,out_of_catalog
t-098,t-098.jpg,notcat,True,False,,"На этикетке: Меганом, 2025, Бастардо Кефесия, сухое красное. Каталожные Меганом белое/игристое не подходят.",83.jpg,13,72,False,out_of_catalog
t-099,t-099.jpg,notcat,True,False,,"На этикетке: Солнечная Долина, Мерло, 2025, сухое красное. Этой позиции в каталоге нет.",83.jpg,40,70,False,out_of_catalog
t-100,t-100.jpg,notcat,True,False,,"На этикетке: Солнечная Долина, Кариньян, 2024, сухое красное. Этой позиции в каталоге нет.",83.jpg,66,70,False,out_of_catalog
t-101,t-101.jpg,notcat,True,False,,"На жёлтой этикетке с таксой: RIESLING, NEON, WHITE DRY WINE 2025, ARISTOV. В каталоге есть Аристов Рислинг другого оформления, соответствие серии NEON не подтверждено.",83.jpg,92,83,False,out_of_catalog
t-102,t-102.jpg,notcat,True,False,,"На этикетке: Солнечная Долина, Мерло, 2025, сухое красное. Этой позиции в каталоге нет.",84.jpg,19,58,False,out_of_catalog
t-103,t-103.jpg,notcat,True,False,,"На этикетке: Солнечная Долина, Кариньян, 2024, сухое красное. Этой позиции в каталоге нет.",84.jpg,44,58,False,out_of_catalog
t-104,t-104.jpg,notcat,True,False,,"На жёлтой этикетке с таксой: RIESLING, NEON, WHITE DRY WINE 2025, ARISTOV. В каталоге есть Аристов Рислинг другого оформления, соответствие серии NEON не подтверждено.",84.jpg,75,71,False,out_of_catalog
t-105,t-105.jpg,ok,True,True,solnechnaya-dolina-muskatnoe-festivalnoe-muskat-belyy-rozovoe-sladkoe-16,"На этикетке: МУСКАТНОЕ Фестивальное РОЗОВОЕ, 2025, креплёное ликёрное вино.",85.jpg,20,65,False,catalog
t-106,t-106.jpg,notcat,True,False,,"На этикетке: Кагор Солнечной Долины, 2025, креплёное ликёрное вино. В каталоге нет; Кагоры других производителей не подходят.",85.jpg,50,62,False,out_of_catalog
t-107,t-107.jpg,notcat,True,False,,"На этикетке: Пти Вердо Солнечной Долины, Пти Вердо Кефесия, сухое красное. В каталоге нет.",85.jpg,82,54,False,out_of_catalog
t-108,t-108.jpg,notcat,True,False,,"На этикетке: Кагор Солнечной Долины, 2025, креплёное ликёрное вино. В каталоге нет; Кагоры других производителей не подходят.",86.jpg,14,71,False,out_of_catalog
t-109,t-109.jpg,notcat,True,False,,"На этикетке: Пти Вердо Солнечной Долины, Пти Вердо Кефесия, сухое красное. В каталоге нет.",86.jpg,57,61,False,out_of_catalog
t-110,t-110.jpg,notcat,True,False,,"На этикетке: Кагор Солнечной Долины, 2025, креплёное ликёрное вино. В каталоге нет; Кагоры других производителей не подходят.",87.jpg,18,74,False,out_of_catalog
t-111,t-111.jpg,notcat,True,False,,"На этикетке: Пти Вердо Солнечной Долины, Пти Вердо Кефесия, сухое красное. В каталоге нет.",87.jpg,59,63,False,out_of_catalog
t-112,t-112.jpg,ok,True,True,privat;solnechnaya-dolina-privat-kaberne-sovinon-krasnoe-sladkoe-155,"На этикетке: ПРИВАТ, 2024, КРАСНОЕ, Солнечная Долина, креплёное ликёрное вино.",88.jpg,20,63,False,catalog
t-113,t-113.jpg,ok,True,True,solnechnaya-dolina-muskatnoe-festivalnoe-muskat-belyy-rozovoe-sladkoe-16,"На этикетке: МУСКАТНОЕ Фестивальное РОЗОВОЕ, 2025, креплёное ликёрное вино.",88.jpg,47,67,False,catalog
t-114,t-114.jpg,notcat,True,False,,"На этикетке: Кагор Солнечной Долины, 2025, креплёное ликёрное вино. В каталоге нет; Кагоры других производителей не подходят.",88.jpg,83,68,False,out_of_catalog
t-115,t-115.jpg,ok,True,True,portvejn-krymskij,"На этикетке: ПОРТВЕЙН КРЫМСКИЙ Солнечной Долины, Кок Пандас, 2015. Каталожная карточка Портвейн Крымский этого производителя.",89.jpg,14,69,False,catalog
t-116,t-116.jpg,ok,True,True,privat;solnechnaya-dolina-privat-kaberne-sovinon-krasnoe-sladkoe-155,"На этикетке: ПРИВАТ, 2024, КРАСНОЕ, Солнечная Долина, креплёное ликёрное вино.",89.jpg,47,68,False,catalog
t-117,t-117.jpg,ok,True,True,solnechnaya-dolina-muskatnoe-festivalnoe-muskat-belyy-rozovoe-sladkoe-16,"На этикетке: МУСКАТНОЕ Фестивальное РОЗОВОЕ, 2025, креплёное ликёрное вино.",89.jpg,83,75,False,catalog
t-118,t-118.jpg,notcat,True,False,,"На этикетке: VALIKO, САПЕРАВИ, КРАСНОЕ СУХОЕ. Такого бренда в каталоге нет.",90.jpg,14,69,False,out_of_catalog
t-119,t-119.jpg,ok,True,True,portvejn-krymskij,"На этикетке: ПОРТВЕЙН КРЫМСКИЙ Солнечной Долины, Кок Пандас, 2015. Каталожная карточка Портвейн Крымский этого производителя.",90.jpg,41,65,False,catalog
t-120,t-120.jpg,ok,True,True,privat;solnechnaya-dolina-privat-kaberne-sovinon-krasnoe-sladkoe-155,"На этикетке: ПРИВАТ, 2024, КРАСНОЕ, Солнечная Долина, креплёное ликёрное вино.",90.jpg,71,61,False,catalog
t-121,t-121.jpg,notcat,True,False,,"На этикетке: Совиньон Солнечной Долины, 2023, сухое белое. В каталоге нет.",91.jpg,14,72,False,out_of_catalog
t-122,t-122.jpg,notcat,True,False,,"Этикетка с фазаном и цветами: СОЛНЕЧНАЯ ДОЛИНА, СУХОЕ КРАСНОЕ. В каталоге нет.",91.jpg,42,70,False,out_of_catalog
t-123,t-123.jpg,ok,True,True,beloe-suhoe,"Этикетка с рыбой и цветами, вертикальная надпись «Солнечная долина», СУХОЕ БЕЛОЕ. Каталожное «Белое сухое» Солнечной Долины - та же этикетка.",91.jpg,72,70,False,catalog
t-124,t-124.jpg,notcat,True,False,,"Этикетка с фазаном и цветами: СОЛНЕЧНАЯ ДОЛИНА, СУХОЕ КРАСНОЕ. В каталоге нет.",92.jpg,18,76,False,out_of_catalog
t-125,t-125.jpg,ok,True,True,beloe-suhoe,"Этикетка с рыбой и цветами, вертикальная надпись «Солнечная долина», СУХОЕ БЕЛОЕ. Каталожное «Белое сухое» Солнечной Долины - та же этикетка.",92.jpg,46,78,False,catalog
t-126,t-126.jpg,notcat,True,False,,"На этикетке: VALIKO, САПЕРАВИ, КРАСНОЕ СУХОЕ. Такого бренда в каталоге нет.",92.jpg,73,69,False,out_of_catalog
t-127,t-127.jpg,ok,True,True,beloe-suhoe,"Этикетка с рыбой и цветами, вертикальная надпись «Солнечная долина», СУХОЕ БЕЛОЕ. Каталожное «Белое сухое» Солнечной Долины - та же этикетка.",93.jpg,14,83,False,catalog
t-128,t-128.jpg,notcat,True,False,,"На этикетке: VALIKO, САПЕРАВИ, КРАСНОЕ СУХОЕ. Такого бренда в каталоге нет.",93.jpg,42,73,False,out_of_catalog
t-129,t-129.jpg,ok,True,True,portvejn-krymskij,"На этикетке: ПОРТВЕЙН КРЫМСКИЙ Солнечной Долины, Кок Пандас, 2015. Каталожная карточка Портвейн Крымский этого производителя.",93.jpg,69,70,False,catalog
t-130,t-130.jpg,notcat,True,False,,"На этикетке: ЧЕГЕМ, красное сухое, product of Abkhazia. Абхазских вин в каталоге нет.",94.jpg,13,75,False,out_of_catalog
t-131,t-131.jpg,notcat,True,False,,"На этикетке: АПСНЫ, красное полусладкое, product of Abkhazia. В каталоге нет.",94.jpg,45,75,False,out_of_catalog
t-132,t-132.jpg,notcat,True,False,,"На этикетке: ЛЫХНЫ, красное полусладкое, product of Abkhazia. В каталоге нет.",95.jpg,35,70,False,out_of_catalog
t-133,t-133.jpg,notcat,True,False,,"На этикетке: ЛЫХНЫ, красное полусладкое, product of Abkhazia. В каталоге нет.",96.jpg,25,62,False,out_of_catalog
t-134,t-134.jpg,notcat,True,False,,"На этикетке: ДИОСКУРИЯ, белое сухое, product of Abkhazia. В каталоге нет.",96.jpg,55,62,False,out_of_catalog
t-135,t-135.jpg,notcat,True,False,,"На этикетке: ПСОУ, белое полусладкое, product of Abkhazia. В каталоге нет.",96.jpg,83,60,False,out_of_catalog
t-136,t-136.jpg,notcat,True,False,,"На этикетке: ПСОУ, белое полусладкое, product of Abkhazia. В каталоге нет.",97.jpg,25,60,False,out_of_catalog
t-137,t-137.jpg,ok,True,True,kuban-vino-shato-tamane-terruar-krasnostop-saperavi-2023-krasnoe-suhoe-125;kuban-vino-shato-tamane-terruar-krasnostop-saperavi-2022-krasnoe-suhoe-125,"На этикетке: CHATEAU TAMAGNE ТЕРРУАР, красностоп саперави 2024, участок №32. В каталоге та же линейка 2022 и 2023 года с тем же рисунком; принимаются обе карточки.",97.jpg,53,65,False,catalog
t-138,t-138.jpg,notcat,True,False,,"На этикетке: ПСОУ, белое полусладкое, product of Abkhazia. В каталоге нет.",98.jpg,43,62,False,out_of_catalog
t-139,t-139.jpg,ok,True,True,kuban-vino-shato-tamane-terruar-krasnostop-saperavi-2023-krasnoe-suhoe-125;kuban-vino-shato-tamane-terruar-krasnostop-saperavi-2022-krasnoe-suhoe-125,"На этикетке: CHATEAU TAMAGNE ТЕРРУАР, красностоп саперави 2024, участок №32. В каталоге та же линейка 2022 и 2023 года с тем же рисунком; принимаются обе карточки.",98.jpg,77,65,False,catalog
t-140,t-140.jpg,notcat,True,False,,"На этикетке: ПСОУ, белое полусладкое, product of Abkhazia. В каталоге нет.",99.jpg,55,62,False,out_of_catalog
t-141,t-141.jpg,ok,True,True,kuban-vino-shato-tamane-terruar-krasnostop-saperavi-2023-krasnoe-suhoe-125;kuban-vino-shato-tamane-terruar-krasnostop-saperavi-2022-krasnoe-suhoe-125,"На этикетке: CHATEAU TAMAGNE ТЕРРУАР, красностоп саперави 2024, участок №32. В каталоге та же линейка 2022 и 2023 года с тем же рисунком; принимаются обе карточки.",100.jpg,18,65,False,catalog
t-142,t-142.jpg,notcat,True,False,,"На этикетке: CHATEAU TAMAGNE ТЕРРУАР, 2023 ЦВАЙГЕЛЬТ, участок №5.15.1, розовое. В каталоге Цвайгельт только в линейке Par La Mer.",100.jpg,76,72,False,out_of_catalog
t-143,t-143.jpg,ok,True,True,kuban-vino-shato-tamane-terruar-krasnostop-saperavi-2023-krasnoe-suhoe-125;kuban-vino-shato-tamane-terruar-krasnostop-saperavi-2022-krasnoe-suhoe-125,"На этикетке: CHATEAU TAMAGNE ТЕРРУАР, красностоп саперави 2024, участок №32. В каталоге та же линейка 2022 и 2023 года с тем же рисунком; принимаются обе карточки.",101.jpg,18,55,False,catalog
t-144,t-144.jpg,notcat,True,False,,"На этикетке: CHATEAU TAMAGNE ТЕРРУАР, 2023 ЦВАЙГЕЛЬТ, участок №5.15.1, розовое. В каталоге Цвайгельт только в линейке Par La Mer.",101.jpg,50,72,False,out_of_catalog
t-145,t-145.jpg,ok,True,True,shato-taman-krasnostop;kuban-vino-krasnostop-de-tamane-krasnostop-anapskiy-krasnoe-suhoe-13,"На этикетке: CHATEAU TAMAGNE KRASNOSTOP, красностоп сухое красное 2024. В каталоге две карточки с этой этикеткой.",102.jpg,18,68,False,catalog
t-146,t-146.jpg,ok,True,True,chateau-tamagne-select-blanc,"На этикетке: CHATEAU TAMAGNE SELECT BLANC 2024. Каталожная карточка — 0,2 л Chardonnay–Sauvignon Blanc; как s-010 в v1, нужна проверка.",102.jpg,43,72,True,review
t-147,t-147.jpg,ok,True,True,kuban-vino-shato-tamane-selekt-ruzh-saperavi-krasnoe-suhoe-125,"На этикетке: CHATEAU TAMAGNE SELECT ROUGE, видна часть этикетки.",102.jpg,70,72,False,catalog
t-148,t-148.jpg,ok,True,True,kuban-vino-shato-tamane-delikeyt-roze-2024-bianka-rozovoe-suhoe-95,"На этикетке: CHATEAU TAMAGNE DÉLICATE ROSE, розовая этикетка с большой D.",103.jpg,14,62,False,catalog
t-149,t-149.jpg,notcat,True,False,,"На этикетке: большая R, CHATEAU TAMAGNE RESERVE SAPERAVI 2022. В каталоге Резерв Коллекшн Саперави 2015 в другом, старом дизайне; соответствие не принимается.",103.jpg,40,68,False,out_of_catalog
t-150,t-150.jpg,ok,True,True,shato-taman-kaberne-sovinon,"На этикетке: CHATEAU TAMAGNE CABERNET SAUVIGNON, каберне совиньон сухое розовое 2025.",103.jpg,71,65,False,catalog
t-151,t-151.jpg,notcat,True,False,,"На этикетке: большая R, CHATEAU TAMAGNE RESERVE SAPERAVI 2022. В каталоге Резерв Коллекшн Саперави 2015 в другом, старом дизайне; соответствие не принимается.",104.jpg,10,68,False,out_of_catalog
t-152,t-152.jpg,ok,True,True,shato-taman-kaberne-sovinon,"На этикетке: CHATEAU TAMAGNE CABERNET SAUVIGNON, каберне совиньон сухое розовое 2025.",104.jpg,38,68,False,catalog
t-153,t-153.jpg,ok,True,True,shato-taman-krasnostop;kuban-vino-krasnostop-de-tamane-krasnostop-anapskiy-krasnoe-suhoe-13,"На этикетке: CHATEAU TAMAGNE KRASNOSTOP, красностоп сухое красное 2024. В каталоге две карточки с этой этикеткой.",104.jpg,86,66,False,catalog
t-154,t-154.jpg,ok,True,True,shato-taman-kaberne-sovinon,"На этикетке: CHATEAU TAMAGNE CABERNET SAUVIGNON, каберне совиньон сухое розовое 2025.",105.jpg,13,70,False,catalog
t-155,t-155.jpg,ok,True,True,shato-taman-krasnostop;kuban-vino-krasnostop-de-tamane-krasnostop-anapskiy-krasnoe-suhoe-13,"На этикетке: CHATEAU TAMAGNE KRASNOSTOP, красностоп сухое красное 2024. В каталоге две карточки с этой этикеткой.",105.jpg,42,68,False,catalog
t-156,t-156.jpg,ok,True,True,chateau-tamagne-select-blanc,"На этикетке: CHATEAU TAMAGNE SELECT BLANC 2024. Каталожная карточка — 0,2 л Chardonnay–Sauvignon Blanc; как s-010 в v1, нужна проверка.",105.jpg,65,76,True,review
t-157,t-157.jpg,ok,True,True,kuban-vino-shato-tamane-selekt-ruzh-saperavi-krasnoe-suhoe-125,"На этикетке: CHATEAU TAMAGNE SELECT ROUGE, видна часть этикетки.",105.jpg,90,76,False,catalog
t-158,t-158.jpg,ok,True,True,derbent-vino-di-kaspiko-roze-shardone-rozovoe-suhoe-12,"На этикетке: DI CASPICO РОЗЕ, розовое сухое, вино из винограда, выращенного в Дагестане.",106.jpg,24,70,False,catalog
t-159,t-159.jpg,ok,True,True,kuban-vino-shato-tamane-delikeyt-roze-2024-bianka-rozovoe-suhoe-95,"На этикетке: CHATEAU TAMAGNE DÉLICATE ROSE, розовая этикетка с большой D.",106.jpg,50,64,False,catalog
t-160,t-160.jpg,notcat,True,False,,"На этикетке: большая R, CHATEAU TAMAGNE RESERVE SAPERAVI 2022. В каталоге Резерв Коллекшн Саперави 2015 в другом, старом дизайне; соответствие не принимается.",106.jpg,76,70,False,out_of_catalog
t-161,t-161.jpg,ok,True,True,derbent-vino-di-kaspiko-merlo-krasnoe-suhoe-13,"На этикетке: DI CASPICO МЕРЛО, красное сухое.",107.jpg,13,64,False,catalog
t-162,t-162.jpg,ok,True,True,derbent-vino-di-kaspiko-sovinon-sovinon-blan-beloe-suhoe-12,"На этикетке: DI CASPICO СОВИНЬОН, белое сухое.",107.jpg,32,64,False,catalog
t-163,t-163.jpg,ok,True,True,derbent-vino-di-kaspiko-roze-shardone-rozovoe-suhoe-12,"На этикетке: DI CASPICO РОЗЕ, розовое сухое, вино из винограда, выращенного в Дагестане.",107.jpg,51,64,False,catalog
t-164,t-164.jpg,ok,True,True,kuban-vino-shato-tamane-delikeyt-roze-2024-bianka-rozovoe-suhoe-95,"На этикетке: CHATEAU TAMAGNE DÉLICATE ROSE, розовая этикетка с большой D.",107.jpg,71,58,False,catalog
t-165,t-165.jpg,notcat,True,False,,"На этикетке: большая R, CHATEAU TAMAGNE RESERVE SAPERAVI 2022. В каталоге Резерв Коллекшн Саперави 2015 в другом, старом дизайне; соответствие не принимается.",107.jpg,89,62,False,out_of_catalog
t-166,t-166.jpg,notcat,True,False,,"На этикетке: DI CASPICO special edition, морской пейзаж с девочкой, РИСЛИНГ белое сухое вино. Special edition в каталоге нет; обычный Рислинг другой этикетки не принимается.",108.jpg,9,62,False,out_of_catalog
t-167,t-167.jpg,ok,True,True,derbent-vino-di-kaspiko-risling-beloe-suhoe-12,"На этикетке: DI CASPICO РИСЛИНГ, белое сухое, обычная линейка.",108.jpg,30,66,False,catalog
t-168,t-168.jpg,ok,True,True,derbent-vino-di-kaspiko-merlo-krasnoe-suhoe-13,"На этикетке: DI CASPICO МЕРЛО, красное сухое.",108.jpg,50,66,False,catalog
t-169,t-169.jpg,ok,True,True,derbent-vino-di-kaspiko-sovinon-sovinon-blan-beloe-suhoe-12,"На этикетке: DI CASPICO СОВИНЬОН, белое сухое.",108.jpg,70,66,False,catalog
t-170,t-170.jpg,ok,True,True,derbent-vino-di-kaspiko-roze-shardone-rozovoe-suhoe-12,"На этикетке: DI CASPICO РОЗЕ, розовое сухое, вино из винограда, выращенного в Дагестане.",108.jpg,90,66,False,catalog
t-171,t-171.jpg,notcat,True,False,,"На этикетке: DI CASPICO special edition, ночной пейзаж, БЕЛОЕ ПОЛУСЛАДКОЕ ВИНО. Special edition в каталоге нет.",109.jpg,48,64,False,out_of_catalog
t-172,t-172.jpg,notcat,True,False,,"На этикетке: DI CASPICO special edition, морской пейзаж с девочкой, РИСЛИНГ белое сухое вино. Special edition в каталоге нет; обычный Рислинг другой этикетки не принимается.",109.jpg,95,64,False,out_of_catalog
t-173,t-173.jpg,notcat,True,False,,"На этикетке: DI CASPICO special edition, ночной пейзаж, БЕЛОЕ ПОЛУСЛАДКОЕ ВИНО. Special edition в каталоге нет.",110.jpg,28,64,False,out_of_catalog
t-174,t-174.jpg,notcat,True,False,,"На этикетке: DI CASPICO special edition, морской пейзаж с девочкой, РИСЛИНГ белое сухое вино. Special edition в каталоге нет; обычный Рислинг другой этикетки не принимается.",110.jpg,50,64,False,out_of_catalog
t-175,t-175.jpg,ok,True,True,derbent-vino-di-kaspiko-risling-beloe-suhoe-12,"На этикетке: DI CASPICO РИСЛИНГ, белое сухое, обычная линейка.",110.jpg,71,66,False,catalog
t-176,t-176.jpg,ok,True,True,derbent-vino-di-kaspiko-merlo-krasnoe-suhoe-13,"На этикетке: DI CASPICO МЕРЛО, красное сухое.",110.jpg,91,66,False,catalog
t-177,t-177.jpg,notcat,True,False,,"На этикетке: DI CASPICO special edition, морской пейзаж с девочкой, РИСЛИНГ белое сухое вино. Special edition в каталоге нет; обычный Рислинг другой этикетки не принимается.",111.jpg,30,64,False,out_of_catalog
t-178,t-178.jpg,ok,True,True,derbent-vino-di-kaspiko-risling-beloe-suhoe-12,"На этикетке: DI CASPICO РИСЛИНГ, белое сухое, обычная линейка.",111.jpg,51,66,False,catalog
t-179,t-179.jpg,ok,True,True,derbent-vino-di-kaspiko-merlo-krasnoe-suhoe-13,"На этикетке: DI CASPICO МЕРЛО, красное сухое.",111.jpg,72,66,False,catalog
