source,x,y,w,status,accepted_slugs,note,wine_key
51.jpg,31,72,28,ok,massandra-kokur-desertnyy-surozh-beloe-sladkoe-16,"На этикетке: КОКУР ДЕСЕРТНЫЙ СУРОЖ, выдержка в дубе.",m_surozh_dessert
51.jpg,58,72,28,notcat,,"На этикетке: МЕРЛО 2025, вино ординарное сухое красное. В локальном каталоге Массандра Мерло не найдено.",m_merlot
52.jpg,23,72,28,ok,massandra-portveyn-krasnyy-alushta-krasnye-sorta-vinograda-krasnoe-sladkoe-17,"На этикетке: ПОРТВЕЙН КРАСНЫЙ АЛУШТА, 2025. Совпадают производитель, цвет и название.",m_red_alushta
52.jpg,51,72,27,ok,massandra-kokur-desertnyy-surozh-beloe-sladkoe-16,"На этикетке: КОКУР ДЕСЕРТНЫЙ СУРОЖ, выдержка в дубе.",m_surozh_dessert
52.jpg,79,73,28,notcat,,"На этикетке: МЕРЛО 2025, вино ординарное сухое красное. В локальном каталоге Массандра Мерло не найдено.",m_merlot
53.jpg,25,70,27,notcat,,"На этикетке: МАДЕРА МАССАНДРА, выдержка в дубе. Каталожная «Мадера Крымская» — другое наименование, соответствие не принимается.",m_madeira
53.jpg,51,69,27,ok,massandra-portveyn-krasnyy-alushta-krasnye-sorta-vinograda-krasnoe-sladkoe-17,"На этикетке: ПОРТВЕЙН КРАСНЫЙ АЛУШТА, 2025. Совпадают производитель, цвет и название.",m_red_alushta
53.jpg,78,70,27,ok,massandra-kokur-desertnyy-surozh-beloe-sladkoe-16,"На этикетке: КОКУР ДЕСЕРТНЫЙ СУРОЖ, выдержка в дубе.",m_surozh_dessert
54.jpg,21,75,27,notcat,,"На этикетке: КАБЕРНЕ 2024, вино ординарное сухое красное. Каталожное «Каберне Совиньон» Массандры описано как сладкое, поэтому не принимается.",m_cabernet
54.jpg,49,75,26,notcat,,"На этикетке: МАДЕРА МАССАНДРА, выдержка в дубе. Каталожная «Мадера Крымская» — другое наименование, соответствие не принимается.",m_madeira
54.jpg,77,75,27,ok,massandra-portveyn-krasnyy-alushta-krasnye-sorta-vinograda-krasnoe-sladkoe-17,"На этикетке: ПОРТВЕЙН КРАСНЫЙ АЛУШТА, 2025. Совпадают производитель, цвет и название.",m_red_alushta
55.jpg,21,70,27,ok,massandra-kagor-gurzuf-saperavi-krasnoe-sladkoe-16,"На этикетке: КАГОР ГУРЗУФ, 2024.",m_cahor
55.jpg,47,70,27,notcat,,"На этикетке: КАБЕРНЕ 2024, вино ординарное сухое красное. Каталожное «Каберне Совиньон» Массандры описано как сладкое, поэтому не принимается.",m_cabernet
55.jpg,75,69,27,notcat,,"На этикетке: МАДЕРА МАССАНДРА, выдержка в дубе. Каталожная «Мадера Крымская» — другое наименование, соответствие не принимается.",m_madeira
56.jpg,19,73,27,ok,massandra-muskatel-rozovyy-belye-sorta-vinograda-rozovoe-sladkoe-16,"На этикетке: МУСКАТЕЛЬ МАССАНДРА РОЗОВЫЙ, 2023.",m_muscatel_rose
56.jpg,47,73,27,ok,massandra-kagor-gurzuf-saperavi-krasnoe-sladkoe-16,"На этикетке: КАГОР ГУРЗУФ, 2024.",m_cahor
56.jpg,77,73,29,notcat,,"На этикетке: КАБЕРНЕ 2024, вино ординарное сухое красное. Каталожное «Каберне Совиньон» Массандры описано как сладкое, поэтому не принимается.",m_cabernet
57.jpg,21,77,27,notcat,,"На этикетке: ПОРТВЕЙН БЕЛЫЙ ЮЖНОБЕРЕЖНЫЙ, выдержка в дубе. Такой карточки Массандры в локальном каталоге не найдено; другие белые портвейны не принимаются.",m_white_south
57.jpg,49,77,27,ok,massandra-muskatel-rozovyy-belye-sorta-vinograda-rozovoe-sladkoe-16,"На этикетке: МУСКАТЕЛЬ МАССАНДРА РОЗОВЫЙ, 2023.",m_muscatel_rose
57.jpg,75,77,27,ok,massandra-kagor-gurzuf-saperavi-krasnoe-sladkoe-16,"На этикетке: КАГОР ГУРЗУФ, 2024.",m_cahor
58.jpg,22,71,27,notcat,,"На этикетке: ПОРТВЕЙН РОЗОВЫЙ АЛУШТА, 2023. В локальном каталоге есть белый и красный Алушта, розового нет.",m_rose_alushta
58.jpg,49,69,26,notcat,,"На этикетке: ПОРТВЕЙН БЕЛЫЙ ЮЖНОБЕРЕЖНЫЙ, выдержка в дубе. Такой карточки Массандры в локальном каталоге не найдено; другие белые портвейны не принимаются.",m_white_south
58.jpg,76,70,26,ok,massandra-muskatel-rozovyy-belye-sorta-vinograda-rozovoe-sladkoe-16,"На этикетке: МУСКАТЕЛЬ МАССАНДРА РОЗОВЫЙ, 2023.",m_muscatel_rose
59.jpg,26,75,26,ok,massandra-portveyn-belyy-alushta-belye-sorta-vinograda-beloe-sladkoe-17,"На этикетке: ПОРТВЕЙН БЕЛЫЙ АЛУШТА, 2025.",m_white_alushta
59.jpg,52,75,26,notcat,,"На этикетке: ПОРТВЕЙН РОЗОВЫЙ АЛУШТА, 2023. В локальном каталоге есть белый и красный Алушта, розового нет.",m_rose_alushta
59.jpg,79,74,26,notcat,,"На этикетке: ПОРТВЕЙН БЕЛЫЙ ЮЖНОБЕРЕЖНЫЙ, выдержка в дубе. Такой карточки Массандры в локальном каталоге не найдено; другие белые портвейны не принимаются.",m_white_south
60.jpg,20,66,28,ok,portvejn-surozh,"На этикетке: ПОРТВЕЙН БЕЛЫЙ СУРОЖ. Это портвейн, не десертный Кокур Сурож.",m_white_surozh
60.jpg,47,66,26,ok,massandra-portveyn-belyy-alushta-belye-sorta-vinograda-beloe-sladkoe-17,"На этикетке: ПОРТВЕЙН БЕЛЫЙ АЛУШТА, 2025.",m_white_alushta
60.jpg,73,66,25,notcat,,"На этикетке: ПОРТВЕЙН РОЗОВЫЙ АЛУШТА, 2023. В локальном каталоге есть белый и красный Алушта, розового нет.",m_rose_alushta
61.jpg,28,71,28,ok,massandra-muskatel-chernyy-krasnye-sorta-vinograda-krasnoe-sladkoe-16,"На этикетке: МУСКАТЕЛЬ МАССАНДРА ЧЕРНЫЙ, 2024.",m_muscatel_black
61.jpg,55,72,27,ok,portvejn-surozh,"На этикетке: ПОРТВЕЙН БЕЛЫЙ СУРОЖ. Это портвейн, не десертный Кокур Сурож.",m_white_surozh
61.jpg,81,74,27,ok,massandra-portveyn-belyy-alushta-belye-sorta-vinograda-beloe-sladkoe-17,"На этикетке: ПОРТВЕЙН БЕЛЫЙ АЛУШТА, 2025.",m_white_alushta
62.jpg,49,60,23,ok,massandra-muskatel-chernyy-krasnye-sorta-vinograda-krasnoe-sladkoe-16,"На этикетке: МУСКАТЕЛЬ МАССАНДРА ЧЕРНЫЙ, 2024.",m_muscatel_black
62.jpg,73,62,25,ok,portvejn-surozh,"На этикетке: ПОРТВЕЙН БЕЛЫЙ СУРОЖ. Это портвейн, не десертный Кокур Сурож.",m_white_surozh
63.jpg,20,71,30,ok,massandra-portveyn-belyy-krymskiy-kokur-beloe-sladkoe-18,"На этикетке: ПОРТВЕЙН БЕЛЫЙ КРЫМСКИЙ, выдержка в дубе.",m_white_crimean
63.jpg,50,70,30,notcat,,"На этикетке: МУСКАТ 2025, Крым, ординарное сухое розовое. Каталожная карточка «Массандра Мускат» относится к белому вину и не принимается.",m_muscat_dry_rose
63.jpg,84,69,25,ok,massandra-muskatel-chernyy-krasnye-sorta-vinograda-krasnoe-sladkoe-16,"На этикетке: МУСКАТЕЛЬ МАССАНДРА ЧЕРНЫЙ, 2024.",m_muscatel_black
64.jpg,29,65,27,notcat,,"На этикетке: АБЗА, ВИНО БЕЛОЕ ПОЛУСЛАДКОЕ, АШАМТА. Название в локальном каталоге не найдено.",abza
64.jpg,54,70,26,ok,massandra-portveyn-belyy-krymskiy-kokur-beloe-sladkoe-18,"На этикетке: ПОРТВЕЙН БЕЛЫЙ КРЫМСКИЙ, выдержка в дубе.",m_white_crimean
64.jpg,78,68,25,notcat,,"На этикетке: МУСКАТ 2025, Крым, ординарное сухое розовое. Каталожная карточка «Массандра Мускат» относится к белому вину и не принимается.",m_muscat_dry_rose
65.jpg,16,70,31,notcat,,"На этикетке: ABRAU COLLECTION, БЕЛОЕ СУХОЕ, купажное вино; зелёный автомобиль с грушей. Каталожный «Абрау Купаж светлый сухое» имеет тот же рисунок и тип; принято соответствие вина при изменении надписи бренда. | Редизайн, вне каталога: Abrau Collection: этикетка с крупным ABRAU COLLECTION, в каталоге «Винный дом Абрау» — другая этикетка при том же рисунке",abrau_white_blend
65.jpg,46,73,29,notcat,,"На этикетке: АБЗА, ВИНО БЕЛОЕ ПОЛУСЛАДКОЕ, АШАМТА. Название в локальном каталоге не найдено.",abza
65.jpg,78,75,29,ok,massandra-portveyn-belyy-krymskiy-kokur-beloe-sladkoe-18,"На этикетке: ПОРТВЕЙН БЕЛЫЙ КРЫМСКИЙ, выдержка в дубе.",m_white_crimean
66.jpg,14,67,32,notcat,,"На этикетке: ABRAU COLLECTION, КРАСНОЕ СУХОЕ, купажное вино; автомобиль с виноградом и сливой. Каталожный «Абрау Купаж тёмный сухое» имеет тот же рисунок и тип; принято соответствие вина при редизайне. | Редизайн, вне каталога: Abrau Collection: красная этикетка ABRAU COLLECTION, в каталоге белая «Винный дом Абрау»",abrau_red_blend
66.jpg,50,64,32,notcat,,"На этикетке: ABRAU COLLECTION, БЕЛОЕ СУХОЕ, купажное вино; зелёный автомобиль с грушей. Каталожный «Абрау Купаж светлый сухое» имеет тот же рисунок и тип; принято соответствие вина при изменении надписи бренда. | Редизайн, вне каталога: Abrau Collection: этикетка с крупным ABRAU COLLECTION, в каталоге «Винный дом Абрау» — другая этикетка при том же рисунке",abrau_white_blend
66.jpg,85,65,30,notcat,,"На этикетке: АБЗА, ВИНО БЕЛОЕ ПОЛУСЛАДКОЕ, АШАМТА. Название в локальном каталоге не найдено.",abza
67.jpg,28,79,27,ok,abrau-dyurso-shardone-beloe-suhoe-13;abrau-dyurso-shardone-beloe-suhoe-12,"На этикетке: Русский винный дом Абрау-Дюрсо, ШАРДОНЕ, сухое белое 2024; герб и номер тиража. Допускаются две одноимённые каталожные карточки; год и номер бутылки не являются отдельным классом.",abrau_chardonnay
67.jpg,52,65,22,notcat,,"На этикетке: ABRAU COLLECTION, КРАСНОЕ СУХОЕ, купажное вино; автомобиль с виноградом и сливой. Каталожный «Абрау Купаж тёмный сухое» имеет тот же рисунок и тип; принято соответствие вина при редизайне. | Редизайн, вне каталога: Abrau Collection: красная этикетка ABRAU COLLECTION, в каталоге белая «Винный дом Абрау»",abrau_red_blend
67.jpg,76,64,23,notcat,,"На этикетке: ABRAU COLLECTION, БЕЛОЕ СУХОЕ, купажное вино; зелёный автомобиль с грушей. Каталожный «Абрау Купаж светлый сухое» имеет тот же рисунок и тип; принято соответствие вина при изменении надписи бренда. | Редизайн, вне каталога: Abrau Collection: этикетка с крупным ABRAU COLLECTION, в каталоге «Винный дом Абрау» — другая этикетка при том же рисунке",abrau_white_blend
68.jpg,30,79,26,ok,abrau-dyurso-abrau-dyurso-pino-nuar-krasnoe-suhoe-13;abrau-dyurso-pino-nuar-krasnoe-suhoe-125;abrau-dyurso-pino-nuar-krasnoe-suhoe-12,"На этикетке: Русский винный дом Абрау-Дюрсо, ПИНО НУАР, сухое красное 2024; бордовый герб и капсула. Белая этикетка с красным гербом; три каталожные карточки с этой этикеткой.",abrau_pinot
68.jpg,60,79,27,ok,abrau-dyurso-shardone-beloe-suhoe-13;abrau-dyurso-shardone-beloe-suhoe-12,"На этикетке: Русский винный дом Абрау-Дюрсо, ШАРДОНЕ, сухое белое 2024; герб и номер тиража. Допускаются две одноимённые каталожные карточки; год и номер бутылки не являются отдельным классом.",abrau_chardonnay
68.jpg,88,63,25,notcat,,"На этикетке: ABRAU COLLECTION, КРАСНОЕ СУХОЕ, купажное вино; автомобиль с виноградом и сливой. Каталожный «Абрау Купаж тёмный сухое» имеет тот же рисунок и тип; принято соответствие вина при редизайне. | Редизайн, вне каталога: Abrau Collection: красная этикетка ABRAU COLLECTION, в каталоге белая «Винный дом Абрау»",abrau_red_blend
69.jpg,14,66,18,ok,abrau-dyurso-kaberne-sovinon-krasnoe-suhoe-125,"На этикетке: Русский винный дом Абрау-Дюрсо, КАБЕРНЕ СОВИНЬОН; бордовый герб на белой этикетке.",abrau_cabernet
69.jpg,32,80,23,ok,abrau-dyurso-risling-beloe-suhoe-12;abrau-dyurso-risling-beloe-suhoe-13,"На этикетке: Русский винный дом Абрау-Дюрсо, РИСЛИНГ, сухое белое 2024; высокая бутылка, герб. Допускаются одноимённые карточки одного типа вина.",abrau_riesling
69.jpg,59,81,26,ok,abrau-dyurso-abrau-dyurso-pino-nuar-krasnoe-suhoe-13;abrau-dyurso-pino-nuar-krasnoe-suhoe-125;abrau-dyurso-pino-nuar-krasnoe-suhoe-12,"На этикетке: Русский винный дом Абрау-Дюрсо, ПИНО НУАР, сухое красное 2024; бордовый герб и капсула. Белая этикетка с красным гербом; три каталожные карточки с этой этикеткой.",abrau_pinot
69.jpg,86,81,27,ok,abrau-dyurso-shardone-beloe-suhoe-13;abrau-dyurso-shardone-beloe-suhoe-12,"На этикетке: Русский винный дом Абрау-Дюрсо, ШАРДОНЕ, сухое белое 2024; герб и номер тиража. Допускаются две одноимённые каталожные карточки; год и номер бутылки не являются отдельным классом.",abrau_chardonnay
70.jpg,28,65,23,ok,abrau-dyurso-kaberne-sovinon-krasnoe-suhoe-125,"На этикетке: Русский винный дом Абрау-Дюрсо, КАБЕРНЕ СОВИНЬОН; бордовый герб на белой этикетке.",abrau_cabernet
70.jpg,52,85,26,ok,abrau-dyurso-risling-beloe-suhoe-12;abrau-dyurso-risling-beloe-suhoe-13,"На этикетке: Русский винный дом Абрау-Дюрсо, РИСЛИНГ, сухое белое 2024; высокая бутылка, герб. Допускаются одноимённые карточки одного типа вина.",abrau_riesling
70.jpg,80,84,30,ok,abrau-dyurso-abrau-dyurso-pino-nuar-krasnoe-suhoe-13;abrau-dyurso-pino-nuar-krasnoe-suhoe-125;abrau-dyurso-pino-nuar-krasnoe-suhoe-12,"На этикетке: Русский винный дом Абрау-Дюрсо, ПИНО НУАР, сухое красное 2024; бордовый герб и капсула. Белая этикетка с красным гербом; три каталожные карточки с этой этикеткой.",abrau_pinot
71.jpg,52,71,33,ok,abrau-dyurso-kaberne-sovinon-krasnoe-suhoe-125,"На этикетке: Русский винный дом Абрау-Дюрсо, КАБЕРНЕ СОВИНЬОН; бордовый герб на белой этикетке.",abrau_cabernet
72.jpg,25,59,26,ok,olymp-winery-adagum-odessa-black-kuban-odesskiy-chernyy-krasnoe-suhoe-11,"На этикетке: ADAGUM ОДЕССКИЙ ЧЕРНЫЙ, сухое красное, Кубань; синий пейзаж.",adagum_odessa
72.jpg,51,60,27,ok,olymp-winery-adagum-saperavi-saperavi-krasnoe-suhoe-11,"На этикетке: ADAGUM SAPERAVI, сухое красное, Кубань; бордовый пейзаж.",adagum_saperavi
73.jpg,26,79,29,ok,olymp-winery-adagum-riesling-risling-beloe-suhoe-11,"На этикетке: ADAGUM RIESLING, сухое белое, Кубань; зелёный пейзаж.",adagum_riesling
73.jpg,55,69,28,ok,olymp-winery-adagum-odessa-black-kuban-odesskiy-chernyy-krasnoe-suhoe-11,"На этикетке: ADAGUM ОДЕССКИЙ ЧЕРНЫЙ, сухое красное, Кубань; синий пейзаж.",adagum_odessa
73.jpg,86,71,29,ok,olymp-winery-adagum-saperavi-saperavi-krasnoe-suhoe-11,"На этикетке: ADAGUM SAPERAVI, сухое красное, Кубань; бордовый пейзаж.",adagum_saperavi
74.jpg,20,73,29,ok,olymp-winery-adagum-chardonnay-shardone-beloe-suhoe-11;olymp-winery-adagum-chardonnay-kuban-shardone-beloe-suhoe-11,"На этикетке: ADAGUM CHARDONNAY, сухое белое, Кубань; золотой пейзаж. Допускаются одноимённые каталожные карточки обычной линейки, не Estate.",adagum_chardonnay
74.jpg,47,73,27,ok,olymp-winery-adagum-riesling-risling-beloe-suhoe-11,"На этикетке: ADAGUM RIESLING, сухое белое, Кубань; зелёный пейзаж.",adagum_riesling
74.jpg,75,62,28,ok,olymp-winery-adagum-odessa-black-kuban-odesskiy-chernyy-krasnoe-suhoe-11,"На этикетке: ADAGUM ОДЕССКИЙ ЧЕРНЫЙ, сухое красное, Кубань; синий пейзаж.",adagum_odessa
75.jpg,25,63,28,notcat,,"Читается: Адагум Красностоп, сухое красное, Кубань. Другой дизайн с птицей. Кандидат в каталоге — Adagum Krasnostop с пейзажем; соответствие требует проверки, не помечено как вино вне каталога.",adagum_krasnostop_bird
75.jpg,52,76,28,ok,olymp-winery-adagum-chardonnay-shardone-beloe-suhoe-11;olymp-winery-adagum-chardonnay-kuban-shardone-beloe-suhoe-11,"На этикетке: ADAGUM CHARDONNAY, сухое белое, Кубань; золотой пейзаж. Допускаются одноимённые каталожные карточки обычной линейки, не Estate.",adagum_chardonnay
75.jpg,81,75,29,ok,olymp-winery-adagum-riesling-risling-beloe-suhoe-11,"На этикетке: ADAGUM RIESLING, сухое белое, Кубань; зелёный пейзаж.",adagum_riesling
76.jpg,19,72,34,notcat,,"Читается: Адагум Каберне Совиньон, сухое красное, Кубань. Другой дизайн с часами и цветами. Кандидат — Adagum Cabernet Sauvignon с пейзажем; до подтверждения редизайна отложено на проверку.",adagum_cabernet_clock
76.jpg,48,68,27,notcat,,"Читается: Адагум Красностоп, сухое красное, Кубань. Другой дизайн с птицей. Кандидат в каталоге — Adagum Krasnostop с пейзажем; соответствие требует проверки, не помечено как вино вне каталога.",adagum_krasnostop_bird
76.jpg,80,81,31,ok,olymp-winery-adagum-chardonnay-shardone-beloe-suhoe-11;olymp-winery-adagum-chardonnay-kuban-shardone-beloe-suhoe-11,"На этикетке: ADAGUM CHARDONNAY, сухое белое, Кубань; золотой пейзаж. Допускаются одноимённые каталожные карточки обычной линейки, не Estate.",adagum_chardonnay
77.jpg,16,62,25,unsure,,"Название и тип вина не читаются через упаковку. Не назначен ни каталожный класс, ни метка «вне каталога»; нужна ручная проверка.",wrapped_unknown
77.jpg,39,60,25,ok,olymp-winery-adagum-krasnostop-krasnostop-zolotovskiy-krasnoe-suhoe-11,"На этикетке: ADAGUM KRASNOSTOP, сухое красное, Кубань; бордовый пейзаж.",adagum_krasnostop
77.jpg,64,64,26,notcat,,"Читается: Адагум Каберне Совиньон, сухое красное, Кубань. Другой дизайн с часами и цветами. Кандидат — Adagum Cabernet Sauvignon с пейзажем; до подтверждения редизайна отложено на проверку.",adagum_cabernet_clock
77.jpg,88,62,22,notcat,,"Читается: Адагум Красностоп, сухое красное, Кубань. Другой дизайн с птицей. Кандидат в каталоге — Adagum Krasnostop с пейзажем; соответствие требует проверки, не помечено как вино вне каталога.",adagum_krasnostop_bird
78.jpg,26,62,30,unsure,,"Название и тип вина не читаются через упаковку. Не назначен ни каталожный класс, ни метка «вне каталога»; нужна ручная проверка.",wrapped_unknown
78.jpg,54,55,30,ok,olymp-winery-adagum-krasnostop-krasnostop-zolotovskiy-krasnoe-suhoe-11,"На этикетке: ADAGUM KRASNOSTOP, сухое красное, Кубань; бордовый пейзаж.",adagum_krasnostop
78.jpg,87,61,30,notcat,,"Читается: Адагум Каберне Совиньон, сухое красное, Кубань. Другой дизайн с часами и цветами. Кандидат — Adagum Cabernet Sauvignon с пейзажем; до подтверждения редизайна отложено на проверку.",adagum_cabernet_clock
79.jpg,16,75,26,ok,vysokij-bereg-traminer-zelenaya-seriya,"На этикетке: ВЫСОКИЙ БЕРЕГ, ТРАМИНЕР, 2025. Та же зелёная серия, что в каталоге.",vb_tram
79.jpg,38,75,25,ok,vysokij-bereg-risling-zelenaya-seriya,"На этикетке: ВЫСОКИЙ БЕРЕГ, РИСЛИНГ, 2025. Зелёная серия; несколько карточек одного наименования.",vb_ries
79.jpg,62,76,28,notcat,,"На этикетке: FANAGORIA, HAY-BAY, ШАРДОНЕ, 2022, БЕЛОЕ СУХОЕ. Бутылка в белой сетке. HAY-BAY в локальном каталоге не найдено.",hay_chard
79.jpg,87,75,26,unsure,,На фото 79 читаются HAY-BAY и 2022; сорт красного вина на загнутой этикетке не установлен. Не использовать как подтверждённый класс.,hay_red
80.jpg,12,76,23,notcat,,"На жёлтой этикетке с таксой: RIESLING, NEON, WHITE DRY WINE 2025, ARISTOV. В каталоге есть Аристов Рислинг другого оформления, соответствие серии NEON не подтверждено.",neon_ries
80.jpg,34,75,22,ok,vysokij-bereg-traminer-zelenaya-seriya,"На этикетке: ВЫСОКИЙ БЕРЕГ, ТРАМИНЕР, 2025. Та же зелёная серия, что в каталоге.",vb_tram
80.jpg,54,75,21,ok,vysokij-bereg-risling-zelenaya-seriya,"На этикетке: ВЫСОКИЙ БЕРЕГ, РИСЛИНГ, 2025. Зелёная серия; несколько карточек одного наименования.",vb_ries
80.jpg,77,75,25,notcat,,"На этикетке: FANAGORIA, HAY-BAY, ШАРДОНЕ, 2022, БЕЛОЕ СУХОЕ. Бутылка в белой сетке. HAY-BAY в локальном каталоге не найдено.",hay_chard
81.jpg,8,64,20,notcat,,"На этикетке: Солнечная Долина, Мерло, 2025, сухое красное. Этой позиции в каталоге нет.",sd_merlot
81.jpg,25,64,20,notcat,,"На этикетке: Солнечная Долина, Кариньян, 2024, сухое красное. Этой позиции в каталоге нет.",sd_carignan
81.jpg,47,71,19,notcat,,"На жёлтой этикетке с таксой: RIESLING, NEON, WHITE DRY WINE 2025, ARISTOV. В каталоге есть Аристов Рислинг другого оформления, соответствие серии NEON не подтверждено.",neon_ries
81.jpg,64,69,19,ok,vysokij-bereg-traminer-zelenaya-seriya,"На этикетке: ВЫСОКИЙ БЕРЕГ, ТРАМИНЕР, 2025. Та же зелёная серия, что в каталоге.",vb_tram
81.jpg,83,69,19,ok,vysokij-bereg-risling-zelenaya-seriya,"На этикетке: ВЫСОКИЙ БЕРЕГ, РИСЛИНГ, 2025. Зелёная серия; несколько карточек одного наименования.",vb_ries
82.jpg,25,53,23,notcat,,"На этикетке: Пти Вердо Солнечной Долины, Пти Вердо Кефесия, сухое красное. В каталоге нет.",sd_petit
82.jpg,47,57,25,notcat,,"На этикетке: Меганом, 2025, Бастардо Кефесия, сухое красное. Каталожные Меганом белое/игристое не подходят.",sd_meganom_red
82.jpg,73,56,24,notcat,,"На этикетке: Солнечная Долина, Мерло, 2025, сухое красное. Этой позиции в каталоге нет.",sd_merlot
83.jpg,13,72,25,notcat,,"На этикетке: Меганом, 2025, Бастардо Кефесия, сухое красное. Каталожные Меганом белое/игристое не подходят.",sd_meganom_red
83.jpg,40,70,26,notcat,,"На этикетке: Солнечная Долина, Мерло, 2025, сухое красное. Этой позиции в каталоге нет.",sd_merlot
83.jpg,66,70,26,notcat,,"На этикетке: Солнечная Долина, Кариньян, 2024, сухое красное. Этой позиции в каталоге нет.",sd_carignan
83.jpg,92,83,24,notcat,,"На жёлтой этикетке с таксой: RIESLING, NEON, WHITE DRY WINE 2025, ARISTOV. В каталоге есть Аристов Рислинг другого оформления, соответствие серии NEON не подтверждено.",neon_ries
84.jpg,19,58,27,notcat,,"На этикетке: Солнечная Долина, Мерло, 2025, сухое красное. Этой позиции в каталоге нет.",sd_merlot
84.jpg,44,58,25,notcat,,"На этикетке: Солнечная Долина, Кариньян, 2024, сухое красное. Этой позиции в каталоге нет.",sd_carignan
84.jpg,75,71,28,notcat,,"На жёлтой этикетке с таксой: RIESLING, NEON, WHITE DRY WINE 2025, ARISTOV. В каталоге есть Аристов Рислинг другого оформления, соответствие серии NEON не подтверждено.",neon_ries
85.jpg,20,65,32,notcat,,"На этикетке: МУСКАТНОЕ Фестивальное РОЗОВОЕ, 2025, креплёное ликёрное вино. | Редизайн, вне каталога: Мускатное Фестивальное: на фото этикетка с лучами, в каталоге с фейерверком",sd_festival
85.jpg,50,62,32,notcat,,"На этикетке: Кагор Солнечной Долины, 2025, креплёное ликёрное вино. В каталоге нет; Кагоры других производителей не подходят.",sd_cahor
85.jpg,82,54,24,notcat,,"На этикетке: Пти Вердо Солнечной Долины, Пти Вердо Кефесия, сухое красное. В каталоге нет.",sd_petit
86.jpg,14,71,34,notcat,,"На этикетке: Кагор Солнечной Долины, 2025, креплёное ликёрное вино. В каталоге нет; Кагоры других производителей не подходят.",sd_cahor
86.jpg,57,61,27,notcat,,"На этикетке: Пти Вердо Солнечной Долины, Пти Вердо Кефесия, сухое красное. В каталоге нет.",sd_petit
87.jpg,18,74,35,notcat,,"На этикетке: Кагор Солнечной Долины, 2025, креплёное ликёрное вино. В каталоге нет; Кагоры других производителей не подходят.",sd_cahor
87.jpg,59,63,27,notcat,,"На этикетке: Пти Вердо Солнечной Долины, Пти Вердо Кефесия, сухое красное. В каталоге нет.",sd_petit
88.jpg,20,63,28,ok,solnechnaya-dolina-privat-kaberne-sovinon-krasnoe-sladkoe-155,"На этикетке: ПРИВАТ, 2024, КРАСНОЕ, Солнечная Долина, креплёное ликёрное вино.",sd_privat
88.jpg,47,67,34,notcat,,"На этикетке: МУСКАТНОЕ Фестивальное РОЗОВОЕ, 2025, креплёное ликёрное вино. | Редизайн, вне каталога: Мускатное Фестивальное: на фото этикетка с лучами, в каталоге с фейерверком",sd_festival
88.jpg,83,68,36,notcat,,"На этикетке: Кагор Солнечной Долины, 2025, креплёное ликёрное вино. В каталоге нет; Кагоры других производителей не подходят.",sd_cahor
89.jpg,14,69,27,notcat,,"На этикетке: ПОРТВЕЙН КРЫМСКИЙ Солнечной Долины, Кок Пандас, 2015. Каталожная карточка Портвейн Крымский этого производителя. | Редизайн, вне каталога: Портвейн Крымский Солнечной Долины: на фото коричневая этикетка, в каталоге сиреневая",sd_port
89.jpg,47,68,33,ok,solnechnaya-dolina-privat-kaberne-sovinon-krasnoe-sladkoe-155,"На этикетке: ПРИВАТ, 2024, КРАСНОЕ, Солнечная Долина, креплёное ликёрное вино.",sd_privat
89.jpg,83,75,34,notcat,,"На этикетке: МУСКАТНОЕ Фестивальное РОЗОВОЕ, 2025, креплёное ликёрное вино. | Редизайн, вне каталога: Мускатное Фестивальное: на фото этикетка с лучами, в каталоге с фейерверком",sd_festival
90.jpg,14,69,29,notcat,,"На этикетке: VALIKO, САПЕРАВИ, КРАСНОЕ СУХОЕ. Такого бренда в каталоге нет.",valiko
90.jpg,41,65,30,notcat,,"На этикетке: ПОРТВЕЙН КРЫМСКИЙ Солнечной Долины, Кок Пандас, 2015. Каталожная карточка Портвейн Крымский этого производителя. | Редизайн, вне каталога: Портвейн Крымский Солнечной Долины: на фото коричневая этикетка, в каталоге сиреневая",sd_port
90.jpg,71,61,24,ok,solnechnaya-dolina-privat-kaberne-sovinon-krasnoe-sladkoe-155,"На этикетке: ПРИВАТ, 2024, КРАСНОЕ, Солнечная Долина, креплёное ликёрное вино.",sd_privat
91.jpg,14,72,30,notcat,,"На этикетке: Совиньон Солнечной Долины, 2023, сухое белое. В каталоге нет.",sd_sauv
91.jpg,42,70,29,notcat,,"Этикетка с фазаном и цветами: СОЛНЕЧНАЯ ДОЛИНА, СУХОЕ КРАСНОЕ. В каталоге нет.",sd_dry_red
91.jpg,72,70,29,ok,beloe-suhoe,"Этикетка с рыбой и цветами, вертикальная надпись «Солнечная долина», СУХОЕ БЕЛОЕ. Каталожное «Белое сухое» Солнечной Долины - та же этикетка.",sd_dry_white
92.jpg,18,76,29,notcat,,"Этикетка с фазаном и цветами: СОЛНЕЧНАЯ ДОЛИНА, СУХОЕ КРАСНОЕ. В каталоге нет.",sd_dry_red
92.jpg,46,78,29,ok,beloe-suhoe,"Этикетка с рыбой и цветами, вертикальная надпись «Солнечная долина», СУХОЕ БЕЛОЕ. Каталожное «Белое сухое» Солнечной Долины - та же этикетка.",sd_dry_white
92.jpg,73,69,29,notcat,,"На этикетке: VALIKO, САПЕРАВИ, КРАСНОЕ СУХОЕ. Такого бренда в каталоге нет.",valiko
93.jpg,14,83,31,ok,beloe-suhoe,"Этикетка с рыбой и цветами, вертикальная надпись «Солнечная долина», СУХОЕ БЕЛОЕ. Каталожное «Белое сухое» Солнечной Долины - та же этикетка.",sd_dry_white
93.jpg,42,73,26,notcat,,"На этикетке: VALIKO, САПЕРАВИ, КРАСНОЕ СУХОЕ. Такого бренда в каталоге нет.",valiko
93.jpg,69,70,30,notcat,,"На этикетке: ПОРТВЕЙН КРЫМСКИЙ Солнечной Долины, Кок Пандас, 2015. Каталожная карточка Портвейн Крымский этого производителя. | Редизайн, вне каталога: Портвейн Крымский Солнечной Долины: на фото коричневая этикетка, в каталоге сиреневая",sd_port
94.jpg,13,75,28,notcat,,"На этикетке: ЧЕГЕМ, красное сухое, product of Abkhazia. Абхазских вин в каталоге нет.",ab_chegem
94.jpg,45,75,30,notcat,,"На этикетке: АПСНЫ, красное полусладкое, product of Abkhazia. В каталоге нет.",ab_apsny
95.jpg,35,70,32,notcat,,"На этикетке: ЛЫХНЫ, красное полусладкое, product of Abkhazia. В каталоге нет.",ab_lykhny
96.jpg,25,62,22,notcat,,"На этикетке: ЛЫХНЫ, красное полусладкое, product of Abkhazia. В каталоге нет.",ab_lykhny
96.jpg,55,62,30,notcat,,"На этикетке: ДИОСКУРИЯ, белое сухое, product of Abkhazia. В каталоге нет.",ab_dioscuria
96.jpg,83,60,26,notcat,,"На этикетке: ПСОУ, белое полусладкое, product of Abkhazia. В каталоге нет.",ab_psou
97.jpg,25,60,28,notcat,,"На этикетке: ПСОУ, белое полусладкое, product of Abkhazia. В каталоге нет.",ab_psou
97.jpg,53,65,25,notcat,,"На этикетке: CHATEAU TAMAGNE ТЕРРУАР, красностоп саперави 2024, участок №32. В каталоге та же линейка 2022 и 2023 года с тем же рисунком; принимаются обе карточки. | Редизайн, вне каталога: Tamagne Терруар 2024: красные линии и ромб, в каталоге серые линии 2022/2023",tam_terroir
98.jpg,43,62,30,notcat,,"На этикетке: ПСОУ, белое полусладкое, product of Abkhazia. В каталоге нет.",ab_psou
98.jpg,77,65,32,notcat,,"На этикетке: CHATEAU TAMAGNE ТЕРРУАР, красностоп саперави 2024, участок №32. В каталоге та же линейка 2022 и 2023 года с тем же рисунком; принимаются обе карточки. | Редизайн, вне каталога: Tamagne Терруар 2024: красные линии и ромб, в каталоге серые линии 2022/2023",tam_terroir
99.jpg,55,62,26,notcat,,"На этикетке: ПСОУ, белое полусладкое, product of Abkhazia. В каталоге нет.",ab_psou
100.jpg,18,65,28,notcat,,"На этикетке: CHATEAU TAMAGNE ТЕРРУАР, красностоп саперави 2024, участок №32. В каталоге та же линейка 2022 и 2023 года с тем же рисунком; принимаются обе карточки. | Редизайн, вне каталога: Tamagne Терруар 2024: красные линии и ромб, в каталоге серые линии 2022/2023",tam_terroir
100.jpg,76,72,28,notcat,,"На этикетке: CHATEAU TAMAGNE ТЕРРУАР, 2023 ЦВАЙГЕЛЬТ, участок №5.15.1, розовое. В каталоге Цвайгельт только в линейке Par La Mer.",tam_terroir_zweigelt
101.jpg,18,55,30,notcat,,"На этикетке: CHATEAU TAMAGNE ТЕРРУАР, красностоп саперави 2024, участок №32. В каталоге та же линейка 2022 и 2023 года с тем же рисунком; принимаются обе карточки. | Редизайн, вне каталога: Tamagne Терруар 2024: красные линии и ромб, в каталоге серые линии 2022/2023",tam_terroir
101.jpg,50,72,30,notcat,,"На этикетке: CHATEAU TAMAGNE ТЕРРУАР, 2023 ЦВАЙГЕЛЬТ, участок №5.15.1, розовое. В каталоге Цвайгельт только в линейке Par La Mer.",tam_terroir_zweigelt
102.jpg,18,68,28,ok,shato-taman-krasnostop;kuban-vino-krasnostop-de-tamane-krasnostop-anapskiy-krasnoe-suhoe-13,"На этикетке: CHATEAU TAMAGNE KRASNOSTOP, красностоп сухое красное 2024. В каталоге две карточки с этой этикеткой.",tam_krasnostop
102.jpg,43,72,22,notcat,,"На этикетке: CHATEAU TAMAGNE SELECT BLANC 2024. Каталожная карточка — 0,2 л Chardonnay–Sauvignon Blanc; как s-010 в v1, нужна проверка. | Редизайн, вне каталога: Select Blanc: на фото чёрный квадрат, Chardonnay; каталожная карточка — 0,2 л Chardonnay–Sauvignon Blanc с золотым квадратом",tam_select_blanc
102.jpg,70,72,18,ok,kuban-vino-shato-tamane-selekt-ruzh-saperavi-krasnoe-suhoe-125,"На этикетке: CHATEAU TAMAGNE SELECT ROUGE, видна часть этикетки.",tam_select_rouge
103.jpg,14,62,28,ok,kuban-vino-shato-tamane-delikeyt-roze-2024-bianka-rozovoe-suhoe-95,"На этикетке: CHATEAU TAMAGNE DÉLICATE ROSE, розовая этикетка с большой D.",tam_delicate
103.jpg,40,68,26,notcat,,"На этикетке: большая R, CHATEAU TAMAGNE RESERVE SAPERAVI 2022. В каталоге Резерв Коллекшн Саперави 2015 в другом, старом дизайне; соответствие не принимается.",tam_reserve_saperavi
103.jpg,71,65,28,ok,shato-taman-kaberne-sovinon,"На этикетке: CHATEAU TAMAGNE CABERNET SAUVIGNON, каберне совиньон сухое розовое 2025.",tam_cs_rose
104.jpg,10,68,22,notcat,,"На этикетке: большая R, CHATEAU TAMAGNE RESERVE SAPERAVI 2022. В каталоге Резерв Коллекшн Саперави 2015 в другом, старом дизайне; соответствие не принимается.",tam_reserve_saperavi
104.jpg,38,68,26,ok,shato-taman-kaberne-sovinon,"На этикетке: CHATEAU TAMAGNE CABERNET SAUVIGNON, каберне совиньон сухое розовое 2025.",tam_cs_rose
104.jpg,86,66,24,ok,shato-taman-krasnostop;kuban-vino-krasnostop-de-tamane-krasnostop-anapskiy-krasnoe-suhoe-13,"На этикетке: CHATEAU TAMAGNE KRASNOSTOP, красностоп сухое красное 2024. В каталоге две карточки с этой этикеткой.",tam_krasnostop
105.jpg,13,70,26,ok,shato-taman-kaberne-sovinon,"На этикетке: CHATEAU TAMAGNE CABERNET SAUVIGNON, каберне совиньон сухое розовое 2025.",tam_cs_rose
105.jpg,42,68,24,ok,shato-taman-krasnostop;kuban-vino-krasnostop-de-tamane-krasnostop-anapskiy-krasnoe-suhoe-13,"На этикетке: CHATEAU TAMAGNE KRASNOSTOP, красностоп сухое красное 2024. В каталоге две карточки с этой этикеткой.",tam_krasnostop
105.jpg,65,76,22,notcat,,"На этикетке: CHATEAU TAMAGNE SELECT BLANC 2024. Каталожная карточка — 0,2 л Chardonnay–Sauvignon Blanc; как s-010 в v1, нужна проверка. | Редизайн, вне каталога: Select Blanc: на фото чёрный квадрат, Chardonnay; каталожная карточка — 0,2 л Chardonnay–Sauvignon Blanc с золотым квадратом",tam_select_blanc
105.jpg,90,76,20,ok,kuban-vino-shato-tamane-selekt-ruzh-saperavi-krasnoe-suhoe-125,"На этикетке: CHATEAU TAMAGNE SELECT ROUGE, видна часть этикетки.",tam_select_rouge
106.jpg,24,70,28,ok,derbent-vino-di-kaspiko-roze-shardone-rozovoe-suhoe-12,"На этикетке: DI CASPICO РОЗЕ, розовое сухое, вино из винограда, выращенного в Дагестане.",dc_roze
106.jpg,50,64,26,ok,kuban-vino-shato-tamane-delikeyt-roze-2024-bianka-rozovoe-suhoe-95,"На этикетке: CHATEAU TAMAGNE DÉLICATE ROSE, розовая этикетка с большой D.",tam_delicate
106.jpg,76,70,26,notcat,,"На этикетке: большая R, CHATEAU TAMAGNE RESERVE SAPERAVI 2022. В каталоге Резерв Коллекшн Саперави 2015 в другом, старом дизайне; соответствие не принимается.",tam_reserve_saperavi
107.jpg,13,64,20,ok,derbent-vino-di-kaspiko-merlo-krasnoe-suhoe-13,"На этикетке: DI CASPICO МЕРЛО, красное сухое.",dc_merlot
107.jpg,32,64,20,ok,derbent-vino-di-kaspiko-sovinon-sovinon-blan-beloe-suhoe-12,"На этикетке: DI CASPICO СОВИНЬОН, белое сухое.",dc_sauv
107.jpg,51,64,20,ok,derbent-vino-di-kaspiko-roze-shardone-rozovoe-suhoe-12,"На этикетке: DI CASPICO РОЗЕ, розовое сухое, вино из винограда, выращенного в Дагестане.",dc_roze
107.jpg,71,58,20,ok,kuban-vino-shato-tamane-delikeyt-roze-2024-bianka-rozovoe-suhoe-95,"На этикетке: CHATEAU TAMAGNE DÉLICATE ROSE, розовая этикетка с большой D.",tam_delicate
107.jpg,89,62,18,notcat,,"На этикетке: большая R, CHATEAU TAMAGNE RESERVE SAPERAVI 2022. В каталоге Резерв Коллекшн Саперави 2015 в другом, старом дизайне; соответствие не принимается.",tam_reserve_saperavi
108.jpg,9,62,18,notcat,,"На этикетке: DI CASPICO special edition, морской пейзаж с девочкой, РИСЛИНГ белое сухое вино. Special edition в каталоге нет; обычный Рислинг другой этикетки не принимается.",dc_se_riesling
108.jpg,30,66,20,ok,derbent-vino-di-kaspiko-risling-beloe-suhoe-12,"На этикетке: DI CASPICO РИСЛИНГ, белое сухое, обычная линейка.",dc_riesling
108.jpg,50,66,20,ok,derbent-vino-di-kaspiko-merlo-krasnoe-suhoe-13,"На этикетке: DI CASPICO МЕРЛО, красное сухое.",dc_merlot
108.jpg,70,66,20,ok,derbent-vino-di-kaspiko-sovinon-sovinon-blan-beloe-suhoe-12,"На этикетке: DI CASPICO СОВИНЬОН, белое сухое.",dc_sauv
108.jpg,90,66,18,ok,derbent-vino-di-kaspiko-roze-shardone-rozovoe-suhoe-12,"На этикетке: DI CASPICO РОЗЕ, розовое сухое, вино из винограда, выращенного в Дагестане.",dc_roze
109.jpg,48,64,22,notcat,,"На этикетке: DI CASPICO special edition, ночной пейзаж, БЕЛОЕ ПОЛУСЛАДКОЕ ВИНО. Special edition в каталоге нет.",dc_se_semisweet
109.jpg,95,64,12,notcat,,"На этикетке: DI CASPICO special edition, морской пейзаж с девочкой, РИСЛИНГ белое сухое вино. Special edition в каталоге нет; обычный Рислинг другой этикетки не принимается.",dc_se_riesling
110.jpg,28,64,22,notcat,,"На этикетке: DI CASPICO special edition, ночной пейзаж, БЕЛОЕ ПОЛУСЛАДКОЕ ВИНО. Special edition в каталоге нет.",dc_se_semisweet
110.jpg,50,64,20,notcat,,"На этикетке: DI CASPICO special edition, морской пейзаж с девочкой, РИСЛИНГ белое сухое вино. Special edition в каталоге нет; обычный Рислинг другой этикетки не принимается.",dc_se_riesling
110.jpg,71,66,22,ok,derbent-vino-di-kaspiko-risling-beloe-suhoe-12,"На этикетке: DI CASPICO РИСЛИНГ, белое сухое, обычная линейка.",dc_riesling
110.jpg,91,66,16,ok,derbent-vino-di-kaspiko-merlo-krasnoe-suhoe-13,"На этикетке: DI CASPICO МЕРЛО, красное сухое.",dc_merlot
111.jpg,30,64,20,notcat,,"На этикетке: DI CASPICO special edition, морской пейзаж с девочкой, РИСЛИНГ белое сухое вино. Special edition в каталоге нет; обычный Рислинг другой этикетки не принимается.",dc_se_riesling
111.jpg,51,66,20,ok,derbent-vino-di-kaspiko-risling-beloe-suhoe-12,"На этикетке: DI CASPICO РИСЛИНГ, белое сухое, обычная линейка.",dc_riesling
111.jpg,72,66,20,ok,derbent-vino-di-kaspiko-merlo-krasnoe-suhoe-13,"На этикетке: DI CASPICO МЕРЛО, красное сухое.",dc_merlot
