source,x,y,w,status,accepted_slugs,note
web-001.jpg,45.8,54.5,16.3,ok,massandra-heres,"Массандра «Херес Массандра» 2012, жёлтая этикетка с красной лентой (в каталоге та же этикетка на бутылке светлого стекла); ценник «Ликер вино ... белое Херес Массандра»"
web-002.jpg,21.0,56.0,12.0,ok,gunko-winery-sovinon-blan-gunko-winery-beloe-suhoe-135,"Gunko Winery «Совиньон Блан» (тёмная этикетка с полосами), ценник «Вино Gunko Winery Совиньон Блан геогр. указ. бел. сух.»"
web-002.jpg,80.5,57.0,12.0,ok,gunko-winery-malbek-krasnoe-suhoe-14,"Gunko Winery «Мальбек» (корни дерева), ценник «Вино Кубань Мальбек геогр. указ. кр. сух. 13-14% 0,75л»"
web-003.jpg,33.7,46.4,27.6,ok,massandra-portveyn-krasnyy-alushta-krasnye-sorta-vinograda-krasnoe-sladkoe-17,"Массандра «Портвейн красный Алушта» 2018, тёмная верхняя полоса; ценник «Вино Портвейн красный Алушта»"
web-004.jpg,38.8,46.4,22.3,ok,golubitskoe-estate-pino-nuar-rezerv-krasnoe-suhoe-132,"Golubitskoe Estate Reserve Pinot Noir 2018, ценник «Вино GOLUBITSKOE ESTATE RESERVE Пино Нуар ... выдерж. кр. сух.»"
web-005.jpg,74.7,52.5,23.4,ok,vinodelnya-myshako-kaberne-sovinon-krasnoe-suhoe-138,"Мысхако «Каберне Совиньон» 2019 (чёрная этикетка с красной рамкой), ценник «ВИНО МЫСХАКО КАБЕРНЕ СОВИНЬОН ЗАЩ ГЕОГР УК КР СУХ 0,75»"
web-006.jpg,47.0,50.0,28.0,ok,abrau-dyurso-brut-dor-blanc-de-blancs-shardone-beloe-bryut-12;abrau-dyurso-brut-dor-blanc-de-blancs-shardone-beloe-bryut-125,"Абрау-Дюрсо Brut d'Or Blanc de Blancs 2016, ценник «Вино России игр бел брют Абрау-Дюрсо Brut d'Or Blanc de Blancs»; две одинаковые карточки"
web-007.jpg,69.5,57.0,19.0,ok,esse-pino-nuar-krasnoe-suhoe-115,"ESSE Pinot Noir Unplugged Crimea 2019 (серая этикетка), ценник «Вино ESSE Пино Нуар кр сух» 699 руб"
web-008.jpg,20.1,53.8,32.3,ok,alma-valley-sovinon-blan-beloe-suhoe-14,"Alma Valley Sauvignon Blanc 2016 (красная этикетка с золотым зверем), ценник «Вино Alma Valley Совиньон Блан сухое белое 0,75л (Крым)»"
web-009.jpg,52.1,36.8,38.0,ok,chteau-le-grand-vostock-aligote-aligote-beloe-suhoe-125,"Château Le Grand Vostock Aligoté (дерево), ценник «ВИНО CHATEAU LE GRAND VOSTOCK АЛИГ БЕЛ СУХ 0,75Л»"
web-010.jpg,20.2,45.9,38.4,ok,agora-risling,"AGORA Riesling 2018 white semi-dry, ценник «Вино Агора Рислинг п/сух 0,75л»"
web-011.jpg,74.6,42.9,26.1,ok,massandra-portveyn-belyy-alushta-belye-sorta-vinograda-beloe-sladkoe-17,"Массандра «Портвейн белый Алушта» 2016, ценник «Вино ликер Портвейн Алушта белое 0,75л (Массандра)»"
web-012.jpg,50.7,49.6,25.0,ok,golubitskoe-estate-kaberne-sovinon-krasnoe-suhoe-137,"Golubitskoe Estate Cabernet Sauvignon, ценник «Вино Golubitskoe Estate каб. сов. крас сух»"
web-013.jpg,78.3,44.1,32.3,ok,alma-valley-shardone-beloe-suhoe-135,"Alma Valley Chardonnay 2017 (красная этикетка с кабаном), ценник «Шардоне белое сухое»"
web-014.jpg,50.9,36.7,16.4,ok,abrau-dyurso-victor-dravigny-polusladkoe-sovinon-blan-beloe-12,"Абрау-Дюрсо Victor Dravigny полусладкое 2015 (светло-зелёный ромб), ценник «Вино игристое Премиум бел ...»"
web-015.jpg,15.0,54.8,36.7,ok,madera-krymskaya,"Массандра «Мадера Крымская» 2012, ценник «Акция!»"
web-016.jpg,91.6,59.2,23.1,ok,alma-valley-pino-blan-beloe-suhoe-14,"Alma Valley Pinot Blanc 2016 (красная этикетка), ценник «Вино ALMA VALLEY 0.75л PINOT BLANC»; шрифт сорта мельче, чем на каталожной 2023"
web-017.jpg,74.0,54.6,35.8,ok,massandra-kokur-desertnyy-surozh-beloe-sladkoe-16,"Массандра «Кокур десертный Сурож» 2014, ценник «Вино ликер Кокур десер Сурож Крым 16% бел 0,75л»"
web-018.jpg,18.8,47.0,27.8,ok,massandra-muskat-belyy-krasnogo-kamnya-beloe-sladkoe-13,Массандра «Мускат белый Красного камня» 2014
web-019.jpg,91.7,58.5,27.1,ok,abrau-dyurso-victor-dravigny-brut-shardone-beloe-bryut-12;abrau-dyurso-victor-dravigny-bryut,Абрау-Дюрсо Victor Dravigny брют 2016 (голубой ромб) у правого края фото; две одинаковые карточки
web-020.jpg,61.4,50.5,28.3,ok,massandra-muskat,"Массандра «Мускат» столовое полусладкое белое, зелёная верхняя полоса"
web-021.jpg,72.1,59.6,26.5,ok,abrau-dyurso-victor-dravigny-polusladkoe-sovinon-blan-beloe-12,"Абрау-Дюрсо Victor Dravigny полусладкое 2016 (светло-зелёный ромб), ценник «Вино игристое Премиум выд белое п/сл 0,75л (Абрау)»"
web-022.jpg,54.0,65.5,34.4,ok,winemaker-selection,"Inkerman Riesling Winemaker Selection 2017, ценник «Вино INKERMAN Рислинг белое п/сух 0,75л» 215 руб"
web-023.jpg,54.0,44.9,31.0,ok,massandra-massandra-heres-oreadna-aligote-beloe-suhoe-16,Массандра «Херес Ореанда» 2015
web-024.jpg,21.2,59.4,28.9,ok,alma-valley-shardone-beloe-suhoe-135,"Alma Valley Chardonnay 2017 (красная этикетка с кабаном), ценник «ALMA VALLEY Шардоне ЗГУ Крым алк. 13%»"
web-025.jpg,63.2,46.6,29.8,ok,abrau-dyurso-victor-dravigny-brut-rose-pino-nuar-rozovoe-bryut-12,"Абрау-Дюрсо Victor Dravigny розовое брют 2017, ценник «Вино игристое премиум розовое брют выдерж ... (Абрау)»"
web-026.jpg,62.8,57.3,32.0,ok,winemaker-selection,"Inkerman Riesling Winemaker Selection 2017, ценник «Вино Inkerman Рислинг белое п/сух 0,75л»"
web-027.jpg,34.9,63.3,33.8,ok,abrau-dyurso-victor-dravigny-brut-shardone-beloe-bryut-12;abrau-dyurso-victor-dravigny-bryut,"Абрау-Дюрсо Victor Dravigny брют 2017 (голубой ромб), ценник «Вино ПРЕМИУМ ... игристое белое брют»; две одинаковые карточки"
web-028.jpg,68.4,34.7,19.1,ok,vinodelnya-vedernikov-gubernatorskoe-golubok-krasnoe-suhoe-11,"«Вина Ведерниковъ Губернаторское Голубок 2018», красно-чёрная роспись"
web-029.jpg,27.1,37.7,53.6,ok,alma-valley-shardone-beloe-suhoe-135,"Alma Valley Chardonnay 2017 (красная этикетка с кабаном), ценник «ШАРДОНЕ БЕЛОЕ СУХОЕ 0,75Л (КРЫМ)»"
web-030.jpg,77.3,43.3,27.0,ok,zmv-koktebel-portveyn-krasnoe-kreplyonoe-kaberne-sovinon-sladkoe-17,"Коктебель «1879 портвейн красный» (чёрная этикетка), ценник «Портвейн 1879 красное 0,75 л»"
web-031.jpg,14.3,63.3,26.3,ok,novyy-svet-dom-shampanskih-vin-igristoe-vino-vyderzhannoe-bryut-krasnoe-novyy-svet-kaberne-sovinon-135,"Новый Свет «Вино игристое выдержанное брют красное», белая этикетка, пурпурная фольга; ценник «Вино игристое Новый Свет выдерж. брют красное»; вместо «Каберне Совиньон» на этикетке «Крымское игристое» — мелкий текст"
web-032.jpg,59.5,42.2,43.9,ok,vinodelnya-vedernikov-gubernatorskoe-risling-beloe-suhoe-12,"«Вина Ведерниковъ Губернаторское Рислинг 2017» (зелёная роспись), ценник «ВИНО ГУБЕРНАТОРСКОЕ РИСЛИНГ ЗГУ БЕЛ.СУХ.0,75Л»"
web-033.jpg,37.0,33.0,24.0,ok,fanagoriya-ice-wine-kaberne-kaberne-sovinon-krasnoe-sladkoe-11,"Фанагория Ice Wine Cabernet в подарочном тубусе (эталон — бутылка с тем же тубусом), ценник «ВИНО ФАНАГОРИЯ ЛЕДЯНОЕ КАБЕРНЕ КРАСНОЕ СЛАДКОЕ 12% 0,375л П/У»"
web-034.jpg,78.6,54.8,29.9,ok,madera-krymskaya,"Массандра «Мадера Крымская», ценник «Вино МАДЕРА КРЫМСКАЯ 0.75л белое ликерное»"
web-035.jpg,47.7,43.8,39.8,ok,abrau-dyurso-victor-dravigny-brut-rose-pino-nuar-rozovoe-bryut-12,"Абрау-Дюрсо Victor Dravigny розовое брют 2018 (розовый ромб), ценник «Вино ПРЕМИУМ РОЗОВОЕ 0.75л игристое розовое брют»"
web-036.jpg,7.0,40.6,27.2,ok,massandra-portveyn-belyy-alushta-belye-sorta-vinograda-beloe-sladkoe-17,"Массандра «Портвейн белый Алушта» 2019, тёмная верхняя полоса"
web-037.jpg,62.5,35.1,32.4,ok,golubitskoe-estate-kaberne-sovinon-krasnoe-suhoe-137,"Golubitskoe Estate Cabernet Sauvignon 2018 (белая этикетка), ценник «ВИНО КРАСНОЕ СУХОЕ 0,75Л КАБЕРНЕ-СОВИНЬОН»"
web-038.jpg,40.1,49.4,40.6,ok,aristov-kyuve-aleksandr-blan-de-nuar,"Aristov Cuvée Alexander Blanc de Noirs 2019 extra brut zero dosage, ценник «ВИН ИГР ARIST CUVEE БЛ ЭБР 0,75»"
web-039.jpg,41.1,10.3,43.5,ok,alma-valley-merlo-krasnoe-suhoe-13,"Alma Valley Merlot 2018 (красная этикетка с золотым зверем), ценник «ВИНО МЕРЛО КР СУХ 0,75Л»"
web-040.jpg,48.2,23.6,12.0,ok,vinodelnya-uzunov-mono-saperavi-krasnoe-suhoe-139,"Винодельня Узунов MONO Саперави, винотека «ВиноАгент»"
web-041.jpg,36.5,41.4,38.8,ok,solnechnaya-dolina-chernyy-polkovnik-odesskiy-chernyy-krasnoe-sladkoe-175,"Солнечная Долина «Черный Полковник» Джеват Кара 2013, рядом карточка с описанием"
web-042.jpg,75.0,80.6,21.4,ok,abrau-dyurso-imperial-brut-vintage-shardone-beloe-bryut-12,"Абрау-Дюрсо Империал Brut Vintage 2019, ценник «Игристое вино брют белое «Империал Винтаж»»"
web-043.jpg,24.3,66.1,13.9,ok,abrau-dyurso-russkoe-igristoe-polusladkoe-krasnoe-kaberne-sovinon-12,"Абрау-Дюрсо «Русское игристое» красное полусладкое (красная надпись), ценник «...АБРАУ-ДЮРСО КРАСНОЕ...»"
web-044.jpg,8.8,57.0,51.2,ok,abrau-dyurso-victor-dravigny-polusuhoe-pino-blan-beloe-12,"Абрау-Дюрсо Victor Dravigny полусухое 2019 (золотой ромб), бутылка обрезана краем фото"
web-045.jpg,26.3,57.2,16.1,ok,massandra-massandra-heres-oreadna-aligote-beloe-suhoe-16,"Массандра «Херес Ореанда», тёмная верхняя полоса; ценник «Вино 0,75л 16% бел ЗГУ Крым Херес Ореанда Массандра»"
web-046.jpg,88.9,59.3,19.0,ok,muskat-avtorskoe-vino,"Массандра Авторское вино «Мускат» 2022, ценник «Вино российское Массандра ... сух бел Мускат»"
web-047.jpg,74.7,33.1,19.4,ok,massandra-portveyn-krasnyy-alushta-krasnye-sorta-vinograda-krasnoe-sladkoe-17,"Массандра «Портвейн красный Алушта» 2022, тёмная верхняя полоса; ценник «Ликерное вино Массандра 0,75л 17% ЗГУ Портвейн Алушта красн.»"
web-048.jpg,40.5,55.5,21.4,ok,zb-vajn-roze-suhoe-rozovoe,"ZB Wine «Принять мужчину таким, какой он есть, поможет только My Rose» 2022, ценник «Вино Российское 0,75л 12,5% ЗГУ Крым роз сух ЗБ Вайн Розе»"
web-049.jpg,75.6,20.7,10.0,ok,esse-rkatsiteli-oranzh-beloe-suhoe-12,"ESSE «Rkatsiteli Orange Unplugged Crimea 2020» (оранжевая этикетка), на решётке с ценниками"
web-050.jpg,75.8,24.2,11.6,ok,novyy-svet-dom-shampanskih-vin-rossiyskoe-shampanskoe-kollektsionnoe-bryut-beloe-novyy-svet-zolotoy-risling-suhoe-13,Новый Свет «Gold Riesling» российское шампанское коллекционное (чёрная этикетка с гербом)
web-051.jpg,50.1,83.4,8.5,ok,polusuhoe-rozovoe-zb-vajn-frizzante,"ZB Frizzante lightly sparkling wine rose semidry (белая этикетка), ценник «Вино игристое 0,75л ... роз. п/сух ... Фриззанте ЗБ Вайн»"
web-052.jpg,18.6,28.4,12.1,ok,agora-sovinon,"AGORA Sauvignon 2020, ценник «Совиньон Агора»"
web-052.jpg,29.6,26.4,12.8,ok,agora-shardone,"AGORA Chardonnay 2020, ценник «Шардоне Агора»"
web-052.jpg,37.1,76.1,10.8,ok,agora-saperavi,AGORA Saperavi
web-052.jpg,49.5,28.0,11.6,ok,agora-risling,"AGORA Riesling, ценник «Рислинг Агора»"
web-052.jpg,65.2,75.6,11.9,ok,agora-muskat-chernyj,"AGORA Muscat Black, ценник «Мускат Черный Агора»"
web-052.jpg,67.7,28.8,11.9,ok,agora-pino-nuar,"AGORA Pinot Noir 2020, ценник «Пино Нуар Агора»"
web-053.jpg,18.1,51.2,14.5,ok,massandra-portveyn-belyy-alushta-belye-sorta-vinograda-beloe-sladkoe-17,"Массандра «Портвейн белый Алушта» 2023, тёмная верхняя полоса; табличка «Портвейн белый Алушта 575₽»"
web-054.jpg,41.4,18.9,11.2,ok,pino-gri-avtorskoe;massandra-vino-avtorskoe-pino-gri-beloe-suhoe-12,"Массандра Авторское вино «Пино Гри» 2023, светлое стекло; вторая карточка — то же вино 2019 года в тёмной бутылке"
web-055.jpg,92.6,40.2,21.6,ok,massandra-pino-gri-beloe-sladkoe-16,"Массандра «Пино-Гри Массандра», ценник «Пино-Гри Массандра»"
web-056.jpg,43.9,13.6,17.1,ok,roze-avtorskoe-vino,"Массандра Авторское вино «Розе» 2023, табличка «Розе Авторское 800₽»"
web-057.jpg,11.2,47.0,21.8,ok,massandra-muskat-belyy-yuzhnoberezhnyy-beloe-sladkoe-16,"Массандра «Мускат белый Южнобережный», ценник «Мускат белый Южнобережный»"
web-058.jpg,50.1,45.7,11.5,ok,massandra-heres,"Массандра «Херес Массандра» (в каталоге та же этикетка на бутылке светлого стекла), ценник «Херес Массандра»"
web-059.jpg,94.5,44.7,16.8,ok,massandra-kagor-yuzhnoberezhnyy-saperavi-krasnoe-sladkoe-16,"Массандра «Кагор Южнобережный», ценник «Кагор Южнобережный»"
web-060.jpg,60.2,42.0,45.6,ok,soyuz-vino-zelyonaya-dolina-pino-nuar-v-banke-krasnoe-suhoe-12,"Zelёnaya Dolina Pinot Noir в банке, ценник со скидкой"
web-061.jpg,45.0,27.0,9.9,ok,vinodelnya-krinitsa-risling-beloe-suhoe-13,Криница Riesling 2020
web-062.jpg,50.6,70.8,23.2,ok,abrau-dyurso-victor-dravigny-brut-shardone-beloe-bryut-12;abrau-dyurso-victor-dravigny-bryut,Абрау-Дюрсо Victor Dravigny брют (голубой ромб); две одинаковые карточки
web-063.jpg,19.2,57.6,4.0,ok,abrau-dyurso-kaberne-sovinon-krasnoe-suhoe-125,Абрау-Дюрсо Каберне Совиньон (белая этикетка с орлом)
web-064.jpg,58.1,78.6,11.8,ok,abrau-dyurso-victor-dravigny-krasnoe-polusladkoe-kaberne-sovinon-125,Абрау-Дюрсо Victor Dravigny красное полусладкое 2014
web-065.jpg,55.5,78.0,9.2,ok,abrau-dyurso-imperial-kyuve-pino-nuar-rozovoe-bryut-125,"Абрау-Дюрсо Империал Brut Rosé 2011, тёмное стекло и серебристая фольга; ценник «Империал Кюве розовое брют»"
web-066.jpg,69.1,60.2,15.8,ok,abrau-dyurso-imperial-brut-vintage-shardone-beloe-bryut-12,"Абрау-Дюрсо Империал Brut Vintage 2016, ценник «... коллекционное брют белое «Империал Винтаж»»"
web-067.jpg,43.2,27.1,50.7,ok,soyuz-vino-soyuz-vino-izabella-krasnoe-polusladkoe-11,"Союз-Вино Isabella/Изабелла, дегустационный зал-магазин Союз-Вино; этикетку пересекает прут стеллажа"
web-068.jpg,14.8,71.0,18.7,ok,derbent-vino-di-kaspiko-kaberne-sovinon-krasnoe-suhoe-135,"Di Caspico «Каберне Совиньон» красное сухое (волны и солнце), на деревянной полке"
web-069.jpg,67.9,61.8,10.0,ok,cru-lermont-risling,"Fanagoria Cru Lermont Riesling 2023, ценник «Крю Лермонт Рислинг» 960 руб"
web-070.jpg,41.3,67.5,26.3,ok,inkerman-shato-blan,"Inkerman «Шато Блан» полусухое белое, ценник «275»"
web-071.jpg,8.2,20.8,3.6,ok,agora-blek-stoun,AGORA Black Stone
web-071.jpg,20.0,70.2,3.8,ok,zb-vajn-vajt-suhoe-beloe,ЗБ вайн «Делу время — My White сейчас»
web-071.jpg,34.6,70.1,3.7,ok,agora-muskat,"AGORA Muscat, картина с побережьем"
web-071.jpg,47.3,44.9,3.9,ok,agora-pino-nuar,AGORA Pinot Noir
web-071.jpg,56.4,47.7,9.6,ok,derbent-vino-di-kaspiko-fiori-di-mare-verde-avgustin-rozovoe-polusuhoe-10,"розовая Di Caspico Fiori di Mare Verde, ценник «Ди Каспико Фиори Ди Маре Верде» розовое полусухое"
web-071.jpg,62.5,44.6,3.6,ok,shato-taman-grape-dance-1,Chateau Tamagne Grape Dance rose
web-072.jpg,8.5,68.6,11.7,ok,privat;solnechnaya-dolina-privat-kaberne-sovinon-krasnoe-sladkoe-155,"Солнечная Долина Приват красное, ценник «Приват красн десертное»"
web-072.jpg,8.8,50.3,10.7,ok,belbek-belbek-fiolent-muskat-beloe-polusladkoe-125,"Бельбек Фиолент Мускат (картина с лестницей), ценник «Мускат ... белое»"
web-072.jpg,13.1,28.6,7.5,ok,belbek-belbek-meritazh-kaberne-sovinon-krasnoe-suhoe-135,"Бельбек Меритаж 2019, ценник «Меритаж сухое красное»"
web-072.jpg,24.5,49.9,7.8,ok,belbek-kokur-kokur-belyy-beloe-suhoe-13,Бельбек Кокур 2021
web-072.jpg,31.2,29.3,9.5,ok,belbek-belbek-risling-beloe-suhoe-128,"Бельбек Рислинг 2021, ценник «Рислинг сухое белое»"
web-072.jpg,40.8,48.2,5.3,ok,belbek-rkatsiteli-beloe-suhoe-13,"Бельбек Ркацители 2020, ценник «Ркацители сух белое»"
web-072.jpg,45.5,48.4,4.9,ok,belbek-aligote-beloe-suhoe-125,Бельбек Алиготе 2021
web-072.jpg,55.3,49.1,4.8,ok,valeriy-zaharin-kokur-klassika-kokur-belyy-beloe-bryut-115,Valery Zaharin Кокур Classic белое брют
web-073.jpg,9.6,31.0,9.9,ok,kokur-avtorskoe,"Массандра Авторское вино «Кокур» (белая этикетка, капсула светлее каталожной), ценник «Кокур 605₽»"
web-074.jpg,85.7,71.8,10.0,ok,kuban-vino-shato-tamane-rezerv-premer-ruzh-kaberne-sovinon-krasnoe-suhoe-13,"Chateau Tamagne Reserve Premier Rouge 2019, большая «R»"
web-075.jpg,39.6,34.8,5.8,ok,inkerman-shato-blan,"Inkerman «Шато Блан» полусухое белое, зелёные ценники"
web-076.jpg,79.4,49.2,22.6,ok,polusladkoe-krasnoe-zb-vajn-frizzante,"ZB Frizzante lightly sparkling wine red semisweet (тёмная бутылка), фирменный магазин"
web-077.jpg,18.1,61.2,15.1,ok,zolotaya-balka-zb-wine-sauvignon-blanc-sovinon-blan-beloe-suhoe-125,"ZB Wine «Мысли позитивно! ... My Sauvignon» 2020, с навесным ценником"
web-078.jpg,78.7,40.3,8.7,ok,relikta-relikta-pervenets-pervenets-magaracha-beloe-suhoe-12,"Реликта «Первенец» вино сухое белое, ценник «650»"
web-079.jpg,28.1,54.5,5.6,ok,alma-valley-shiraz-krasnoe-suhoe-13,"Alma Valley Shiraz 2018 (красная этикетка), ценник «Шираз ... Альма Валлей»"
web-079.jpg,45.6,50.4,4.9,ok,valeriy-zaharin-avtohtonnoe-vino-kryma-ot-valeriya-zaharina-kokur-sary-pandas-kokur-belyy-beloe-suhoe-115,"Автохтонное вино Крыма от Валерия Захарьина. Кокур-Сары Пандас 2017, ценник «Кокур Сары Пандас»"
web-079.jpg,50.2,51.7,5.0,ok,valeriy-zaharin-avtohtonnoe-vino-kryma-ot-valeriya-zaharina-bastardo-kefesiya-bastardo-magarachskiy-krasnoe-suhoe-115;valeriy-zaharin-bastardo-kefesiya-avtohtonnoe-vino-kryma-bastardo-magarachskiy-krasnoe-suhoe-115,"Автохтонное вино Крыма от Валерия Захарьина. Бастардо-Кефесия 2020, ценник «Бастардо-Кефесия»"
web-080.jpg,42.9,79.7,5.9,ok,valeriy-zaharin-avtohtonnoe-vino-kryma-ot-valeriya-zaharina-kokur-sary-pandas-kokur-belyy-beloe-suhoe-115,Автохтонное вино Крыма от Валерия Захарьина. Кокур-Сары Пандас 2015
web-080.jpg,47.7,81.4,6.1,ok,valeriy-zaharin-avtohtonnoe-vino-kryma-ot-valeriya-zaharina-bastardo-kefesiya-bastardo-magarachskiy-krasnoe-suhoe-115;valeriy-zaharin-bastardo-kefesiya-avtohtonnoe-vino-kryma-bastardo-magarachskiy-krasnoe-suhoe-115,Автохтонное вино Крыма от Валерия Захарьина. Бастардо-Кефесия 2017
web-080.jpg,53.5,80.0,5.5,ok,valeriy-zaharin-bakkal-su-aligote-beloe-suhoe-115,"Валерий Захарьин «Баккал Су Алиготе» (кремовая этикетка, зелёный шрифт), полка «Авторские вина Валерия Захарьина»"
web-081.jpg,50.9,62.8,52.2,ok,vinodelnya-byurne-lyublyu-krasnoe-kaberne-fran-suhoe-135,"Бюрнье «Люблю» сухое красное (руки красной линией), частично закрыта соседней бутылкой"
web-082.jpg,29.7,41.0,19.3,ok,madera-krymskaya,"Массандра «Мадера Крымская», тёмная верхняя полоса"
web-083.jpg,50.3,53.2,34.4,ok,vinodelnya-vedernikov-gubernatorskoe-rkatsiteli-beloe-suhoe-13,"Вина Ведерниковъ «Губернаторское Ркацители» 2017 (зелёная роспись), ценник «Вино ГУБЕРНАТОР. РКАЦИТЕЛИ 0.75л белое сухое»"
web-084.jpg,42.5,42.0,43.9,ok,solnechnaya-dolina-chernyy-polkovnik-odesskiy-chernyy-krasnoe-sladkoe-175,Солнечная Долина «Черный Полковник» Джеват Кара
web-085.jpg,64.9,39.6,40.0,ok,solnechnaya-dolina-chernyy-doktor-solnechnoy-doliny-ekim-kara-krasnoe-sladkoe-16,Солнечная Долина «Черный Доктор» Эким Кара 2014
web-086.jpg,44.6,49.7,41.0,ok,aristov-anima-millesimato-beloe-bryut,"Aristov ANIMA Millesimato brut 2022, ценник «Игристое Аристов Анима Меллезимато брют»"
web-087.jpg,46.1,69.8,29.6,ok,vysokij-bereg-risling-zelenaya-seriya,"Высокий Берег «Рислинг» (зелёные буквы), ценник «Рислинг. Высокий берег вино сухое белое»"
web-088.jpg,34.0,55.5,34.4,ok,chateau-tamagne-nature-vert,"Chateau Tamagne nature Vert 2023, ценник «Верт вино сухое белое»"
web-089.jpg,51.0,50.7,46.1,ok,soyuz-vino-zelyonaya-dolina-kaberne-merlo-kaberne-sovinon-krasnoe-polusladkoe-12,"Zelёnaya Dolina Cabernet-Merlot semi sweet red, ценник «Акция»"
web-090.jpg,52.7,46.7,47.2,ok,inkerman-shato-ruzh,"Inkerman «Шато Руж» полусухое красное, ценник «Вино Инкерман Шато Руж красное полусухое»"
web-091.jpg,16.9,50.0,36.3,ok,shato-taman-kaberne,Chateau Tamagne «Cabernet / Каберне сухое красное» 2024 (серо-голубые полосы)
web-092.jpg,65.9,66.6,45.2,ok,massandra-kokur-desertnyy-surozh-beloe-sladkoe-16,"Массандра «Кокур десертный Сурож», оранжевая верхняя полоса"
web-093.jpg,59.1,52.2,40.1,ok,massandra-portveyn-krasnyy-alushta-krasnye-sorta-vinograda-krasnoe-sladkoe-17,"Массандра «Портвейн красный Алушта» 2017, ценник «АКЦИЯ»"
web-094.jpg,33.5,72.6,20.5,ok,agrolayn-mountain-eagle-cabernet-sauvignon-kaberne-sovinon-krasnoe-suhoe-135,Mountain Eagle 2021 Cabernet Sauvignon
web-094.jpg,47.3,75.7,14.2,ok,agrolayn-mountain-eagle-marselan-marselan-krasnoe-suhoe-13,Mountain Eagle 2021 Marselan
web-095.jpg,17.2,60.1,15.4,ok,vinodelnya-berdyaeva-shardone-beloe-suhoe-125,Винодельня Бердяева Шардоне (мужчина в меховой шапке с трубкой)
web-095.jpg,67.8,56.0,15.7,ok,vinodelnya-berdyaeva-kaberne-kaberne-sovinon-krasnoe-suhoe-138,Винодельня Бердяева Каберне (портрет мужчины с сигарой)
web-095.jpg,80.9,62.4,14.9,ok,vinodelnya-berdyaeva-kaberne-sovinon-krasnoe-suhoe-145,Винодельня Бердяева Каберне Совиньон (мужчина в котелке со спины)
web-095.jpg,92.1,58.6,16.7,ok,vinodelnya-berdyaeva-kaberne-fran-krasnoe-suhoe-115,"Винодельня Бердяева Каберне Фран (мужчина в синей шапке), у края фото"
web-096.jpg,51.4,58.8,15.2,ok,gunko-winery-malbek-krasnoe-suhoe-14,"Gunko Winery «Мальбек» (корни дерева), винотека «Русское вино»"
web-097.jpg,61.1,74.8,19.1,ok,novyy-svet-dom-shampanskih-vin-rossiyskoe-shampanskoe-kollektsionnoe-bryut-beloe-novyy-svet-yubileynoe-risling-13,"Новый Свет «Юбилейное» 2018, медальон «140»"
web-098.jpg,33.2,72.5,11.0,ok,villa-sofiya-shardone-beloe-suhoe-14,Вилла София шардоне сухое белое 2023
web-098.jpg,41.9,70.6,9.2,ok,villa-sofiya-sovinon-blan-beloe-suhoe-123;villa-sofiya-sovinon-blan-beloe-suhoe-14,Вилла София совиньон блан сухое белое 2023
web-098.jpg,50.0,70.7,9.0,ok,villa-sofiya-trio-beloe-risling-suhoe-12;villa-sofiya-trio-beloe-risling-suhoe-123,Вилла София трио сухое белое 2023
web-098.jpg,59.6,72.7,9.5,ok,villa-sofiya-trio-roze-pino-nuar-rozovoe-suhoe-14,Вилла София трио сухое розовое 2023
web-099.jpg,8.7,51.7,16.9,ok,massandra-massandra-heres-oreadna-aligote-beloe-suhoe-16,"Массандра «Херес Ореанда», тёмная верхняя полоса; рукописные ценники «Коктебель»"
web-100.jpg,43.9,67.0,27.3,ok,vinodelnya-vedernikov-gubernatorskoe-golubok-krasnoe-suhoe-11,"«Вина Ведерниковъ Губернаторское Голубок 2016», красно-чёрная роспись"
web-101.jpg,41.0,45.0,23.0,ok,agora-sovinon,"AGORA Sauvignon 2018, ценник «Вино ЗГУ сухое белое Совиньон ТМ AGORA» (кадр из видео)"
