file,sha256,width,height,original_width,original_height,site,page_url,image_url,page_title,search_query,downloaded
web-001.jpg,e7fe7135b00ecca994fe0f5a35a0f5710d0c845a99186dd7a0dcfc0e64af47a8,1920,1440,1920,1440,drive2.ru,https://www.drive2.ru/c/545498231061086777/,https://a1.drive-data.ru/wMAAAgP_ieA-1920.jpg,"Ищем отличие в хересе урожая 12 и 14 годов. - Сообщество ""Food & Wine"" на DRIVE2",Массандра вино полка пятерочка,2026-09-27
web-002.jpg,a655eeb65ad97c6e6a1a6cd20abedc1588e49d8e3627af9c063f2f963b3a4878,1200,748,1200,748,dzen.ru,https://dzen.ru/a/X0QeqOkIOVH23J6g,https://avatars.dzeninfra.ru/get-zen_doc/2419806/pub_5f441ea8e9083951f6dc9ea0_5f442118089db813d24d6181/scale_1200,Российские новинки на винных полках Окей Вино и скидки Дзен,российское вино до 1000 рублей полка,2026-09-27
web-003.jpg,9bb6ff14de5e2603137d6595cf925c29398801021a04e8aab1d9dc6484c7e05f,1200,1070,1200,1070,dzen.ru,https://dzen.ru/a/X1CoI1AlG1MDoVRf,https://avatars.dzeninfra.ru/get-zen_doc/4004066/pub_5f50a82350251b5303a1545f_5f50a91c2506f211d16c629f/scale_1200,"Пятерочка и вино. Акция ""Сентябрь дарит скидки"". Блог Винофана Дзен",Массандра портвейн полка магнит,2026-09-27
web-004.jpg,c1b3350b7c47a55d8a71adf44b73e0f0e28b65864676cf16b2c5eedff55f5929,1200,1065,1200,1065,dzen.ru,https://dzen.ru/a/X24h_W4zl0oBV7pB,https://avatars.dzeninfra.ru/get-zen_doc/28845/pub_5f6e21fd6e33974a0157ba41_5f6e23e463b25d04cd9c96af/orig,На винных полках сети ЛЕНТА. Сентябрь 2020. | Блог Винофана | Дзен,dzen-article,2026-09-27
web-005.jpg,0f0c69c4ae8414fbefdc910981fcce15f8d83e01713c4df0c45dbc013ec94c6e,1259,1000,1259,1000,dzen.ru,https://dzen.ru/a/X2jTd_UrehiBu3Xa,https://avatars.dzeninfra.ru/get-zen_doc/48747/pub_5f68d377f52b7a1881bb75da_5f68d527f52b7a1881be9ea6/orig,На винных полках сети &quot;Красное и Белое&quot;. Сентябрь 2020. | Блог Винофана | Дзен,dzen-article,2026-09-27
web-006.jpg,9596a3e10d36c14d8d938fd811b3432a52a1c13aae01116cf0ece3a1054aeefa,1100,1100,1100,1100,dzen.ru,https://dzen.ru/a/X33i6R4tpiieq_E4,https://avatars.dzeninfra.ru/get-zen_doc/3533726/pub_5f7de2e91e2da6289eabf138_5f7de35cdee665439867495a/orig,Винные полки супермаркета ДА! Октябрь 2020. | Блог Винофана | Дзен,dzen-article,2026-09-27
web-007.jpg,4ab27de7a27e8745e11aecab9a553fd1c3d4377b35874de0fddad3e17514b258,1100,1100,1100,1100,dzen.ru,https://dzen.ru/a/X4Xf1pzWI30wKrCs,https://avatars.dzeninfra.ru/get-zen_doc/1790220/pub_5f85dfd69cd6237d302ab0ac_5f85e1dd3940476c66dfbfc3/scale_1200,"Вино в Ашане, октябрь 2020 Блог Винофана Дзен",вино ашан обзор российское,2026-09-27
web-008.jpg,2530fd304f7453b565c427933f931149b02caf946695b00c7c959f3fbcd26390,855,1200,855,1200,dzen.ru,https://dzen.ru/a/X5Asor5geH654q00,https://avatars.dzeninfra.ru/get-zen_doc/62191/pub_5f902ca2be60787eb9e2ad34_5f902d2c6dc8f92edafbf808/scale_1200,Вино в Магните. Рислинг Strub. Блог Винофана Дзен,вино из магнита обзор полка,2026-09-27
web-009.jpg,e565162eb726372327216f62f8893fef7f46111678deeaf5904513780b249485,1100,1100,1100,1100,dzen.ru,https://dzen.ru/a/X8PJMLVF5jSIMQuM,https://avatars.dzeninfra.ru/get-zen_doc/3023531/pub_5fc3c930b545e63488310b8c_5fc3cafeb545e63488348043/orig,Винные полки Магнита в конце ноября 2020 | Блог Винофана | Дзен,dzen-article,2026-09-27
web-010.jpg,2f590f30d9b18e2413bdff297028b4c2c148856065868421a7d46035802858aa,1100,1100,1100,1100,dzen.ru,https://dzen.ru/a/X8PJMLVF5jSIMQuM,https://avatars.dzeninfra.ru/get-zen_doc/3514290/pub_5fc3c930b545e63488310b8c_5fc3c9dfb545e63488325d08/orig,Винные полки Магнита в конце ноября 2020 | Блог Винофана | Дзен,dzen-article,2026-09-27
web-011.jpg,c459705bf725a0cb81eeeca3f354e71918fbcca9236de8fe1cb7c832b4e7fc3f,1100,1100,1100,1100,dzen.ru,https://dzen.ru/a/X8PJMLVF5jSIMQuM,https://avatars.dzeninfra.ru/get-zen_doc/1864855/pub_5fc3c930b545e63488310b8c_5fc3cc2f4c127965dbc56f51/scale_1200,Винные полки Магнита в конце ноября 2020 Блог Винофана Дзен,вино магнит полка,2026-09-27
web-012.jpg,c22d122da0eb729cb127b1df5dfa9d147362ba6764687f59bb3614336c2df075,1133,1000,1133,1000,dzen.ru,https://dzen.ru/a/X8PJMLVF5jSIMQuM,https://avatars.dzeninfra.ru/get-zen_doc/1703615/pub_5fc3c930b545e63488310b8c_5fc3cbd839eab6574ddde212/scale_1200,Винные полки Магнита в конце ноября 2020 Блог Винофана Дзен,вино магнит полка,2026-09-27
web-013.jpg,a6735e951c66a3a0955715a5892e25f0a5ff212041196188dfb987dca6c30e79,1100,1057,1100,1057,dzen.ru,https://dzen.ru/a/X8d4Km1Oalw_ABfr,https://avatars.dzeninfra.ru/get-zen_doc/1780598/pub_5fc7782a6d4e6a5c3f0017eb_5fc77b15a093e94902878b2a/scale_1200,"Рейтинг бюджетных российских вин от Роскачества, или Спортлото-2020 Блог Винофан",вино магнит полка,2026-09-27
web-014.jpg,4752fd04b728b3ca5085191e90a803a95be1d3b996878eccacecd95ac19ca288,917,1200,917,1200,dzen.ru,https://dzen.ru/a/XCkKlLbdwwCrWlbd,https://avatars.dzeninfra.ru/get-zen_doc/1219682/pub_5c290a94b6ddc300ab5a56dd_5c290b31c906e200abbaa11a/scale_1200,Вино в Магните. Декабрь 2018. Игристое. Блог Винофана Дзен,Абрау-Дюрсо полка пятерочка,2026-09-27
web-015.jpg,346f997c770f653116f2eae385c3e497f0c91dacbcb5e9b344bfd9c1e8712f0b,816,1200,816,1200,dzen.ru,https://dzen.ru/a/XHzbEoaj-gC0BvDf,https://avatars.dzeninfra.ru/get-zen_doc/1550999/pub_5c7cdb1286a3fa00b406f0df_5c7cdc387cf2bf00b2fc6b13/scale_1200,Пятерочка и вино. Акции с 5 по 11 марта 2019 года. Блог Винофана Дзен,Шато Тамань полка пятерочка,2026-09-27
web-016.jpg,a19ed50ec16e8a5e9ce26659cd7761ff117dd862caa10a443bdfb43159db244b,1099,1200,1099,1200,dzen.ru,https://dzen.ru/a/XITdtgf4rgCzGdOs,https://avatars.dzeninfra.ru/get-zen_doc/198359/pub_5c84ddb607f8ae00b319d3ac_5c84e0210f8f1500b3386103/scale_1200,"Пятерочка и вино. Акция ""Вкусно"" с 5 по 18 марта 2019 года. Блог Винофана Дзен",вино из пятерочки обзор полка российское,2026-09-27
web-017.jpg,fffa253271cc50a0e90b1d6553538a17a9dca903989e056e94be2e2c71b90d7f,856,1200,856,1200,dzen.ru,https://dzen.ru/a/XNaXqmpmJQCuScPv,https://avatars.dzeninfra.ru/get-zen_doc/1590365/pub_5cd697aa6a662500ae49c3ef_5cd698a964d6ee00aeac5ac8/scale_1200,"Вино в Дикси. Акция ""Вай-вай, шашлычный май"" со 2 по 22 мая 2019 года. Блог Вино",дикси вино полка,2026-09-27
web-018.jpg,aa869498777c6b98827142c546a82b02ebe13a39587b67116ccd4cd0fd50c635,874,1200,874,1200,dzen.ru,https://dzen.ru/a/XNaXqmpmJQCuScPv,https://avatars.dzeninfra.ru/get-zen_doc/59126/pub_5cd697aa6a662500ae49c3ef_5cd698fec6dcb700b36cac6d/scale_1200,"Вино в Дикси. Акция ""Вай-вай, шашлычный май"" со 2 по 22 мая 2019 года. Блог Вино",дикси вино полка,2026-09-27
web-019.jpg,ea0d956336e5bb6fb419539ba79e56f639ae80d01e0e24077292a2f06acfd1be,937,1200,937,1200,dzen.ru,https://dzen.ru/a/XS29nEO-4wCuGeA_,https://avatars.dzeninfra.ru/get-zen_doc/1856150/pub_5d2dbd9c43bee300ae19e03f_5d2dbe33f2df2500aec8eabb/scale_1200,Вино в Перекрестке. Акция с 16 по 22 июля 2019 года. Блог Винофана Дзен,Шато Тамань полка лента,2026-09-27
web-020.jpg,e77a6108a43495415a1c2edec7fcf349af6b400138dfd3434ee2aa4eff0b40f2,830,1200,830,1200,dzen.ru,https://dzen.ru/a/XTnbnAJ6FQCtEvI4,https://avatars.dzeninfra.ru/get-zen_doc/51182/pub_5d39db9c027a1500ad12f238_5d39deea92414d00ac68c9b7/scale_1200,Вино в Дикси. Акции с 25 июля по 14 августа 2019 года. Блог Винофана Дзен,дикси вино полка,2026-09-27
web-021.jpg,2163a86bb348f08e19b4540208acaf7d26829b49bc23f28569d857bb6930eda7,965,1200,965,1200,dzen.ru,https://dzen.ru/a/XUp5uWwwBACuQ3fb,https://avatars.dzeninfra.ru/get-zen_doc/1860621/pub_5d4a79b96c300400ae4377db_5d4a7d5c027a1500ae8112cb/scale_1200,"Вино в Магните. Акция ""Успей успеть!"". Банкет продолжается. Блог Винофана Дзен",Абрау-Дюрсо полка ашан,2026-09-27
web-022.jpg,bc9064b5ee08ea5802fca2024844b0b197d1e15ec0f26ba1b1655bdbf971128b,850,1200,850,1200,dzen.ru,https://dzen.ru/a/XUp5uWwwBACuQ3fb,https://avatars.dzeninfra.ru/get-zen_doc/1648379/pub_5d4a79b96c300400ae4377db_5d4a7cbaddfef600add6105f/scale_1200,"Вино в Магните. Акция ""Успей успеть!"". Банкет продолжается. Блог Винофана Дзен",Инкерман вино полка магнит,2026-09-27
web-023.jpg,898e38753267c8854b1f8da2daa43787f35589733134e550b7653e380fbf7b76,798,1400,798,1400,dzen.ru,https://dzen.ru/a/XWl39wX9mACtcB73,https://avatars.dzeninfra.ru/get-zen_doc/119173/pub_5d6977f705fd9800ad701ef7_5d6978bf5d636200add06700/orig,Вино в сети ЛЕНТА. Акции с 27 августа по 23 сентября 2019 года. | Блог Винофана | Дзен,dzen-article,2026-09-27
web-024.jpg,c163685f6f5cfe73c7b1c7cbd4c92cc743e13e22b592a97b1c7f931426b408de,1163,1100,1163,1100,dzen.ru,https://dzen.ru/a/X_siOPkGsWhyJUZo,https://avatars.dzeninfra.ru/get-zen_doc/1909059/pub_5ffb2238f906b16872254668_5ffb23c5d1a90641ca37e2cd/scale_1200,Винные полки супермаркета ДА! Январь 2021. Блог Винофана Дзен,Зелёная Долина вино полка магазин,2026-09-27
web-025.jpg,1f052b41864ae14b972b700671369f25869f7ad8ad9502fcf8240748456ac6fc,1200,973,1200,973,dzen.ru,https://dzen.ru/a/Xs-hxzdXOzaXNRoX,https://avatars.dzeninfra.ru/get-zen_doc/2808397/pub_5ecfa1c737573b3697351a17_5ecfa388af018701cea840c5/scale_1200,"Винные полки Магнита, май 2020 Блог Винофана Дзен",вино магнит полка,2026-09-27
web-026.jpg,55f6dbb3ae228c3a21e3d2c578cd93070ee6c639511c32e2f6165892861be3f7,1040,1200,1040,1200,dzen.ru,https://dzen.ru/a/Xs-hxzdXOzaXNRoX,https://avatars.dzeninfra.ru/get-zen_doc/3023531/pub_5ecfa1c737573b3697351a17_5ecfa231060a786229e6d8a4/scale_1200,"Винные полки Магнита, май 2020 Блог Винофана Дзен",вино магнит полка,2026-09-27
web-027.jpg,35384d55fe15e4b1860a0d83eac414c7cb973cab2f11b8b79b9ac9780b92b300,984,1200,984,1200,dzen.ru,https://dzen.ru/a/XsuL-mY3NET95Phu,https://avatars.dzeninfra.ru/get-zen_doc/1639101/pub_5ecb8bfa66373444fde4f86e_5ecb8ef9564da33d1c6c37b6/scale_1200,"Пятерочка и вино. Акция ""Летнее утро"" с 21 мая по 11 июня 2020 года. Блог Винофа",Абрау-Дюрсо полка пятерочка,2026-09-27
web-028.jpg,022b8d04da0b043c4f25c33416b875ab5433e89682b538b2472bbec21e45ba12,1200,856,1200,856,dzen.ru,https://dzen.ru/a/Xv7BeByp8F_m2Fp-,https://avatars.dzeninfra.ru/get-zen_doc/3483777/pub_5efec1781ca9f05fe6d85a7e_5efec39f75b70d1b8d50754f/scale_1200,Вино в гипермаркете Глобус Блог Винофана Дзен,вино полка ценник россия,2026-09-27
web-029.jpg,0b5205030b011b250567bc864704a743dbdd44ed28760f57400f20402ec2d184,975,1300,975,1300,dzen.ru,https://dzen.ru/a/XwQaSAIjXhe3wza2,https://avatars.dzeninfra.ru/get-zen_doc/1066925/pub_5f041a4802235e17b7c336b6_5f041aa2b298457657ccb504/orig,"Винные полки Магнита, начало июля 2020 | Блог Винофана | Дзен",dzen-article,2026-09-27
web-030.jpg,69fb40801425c32edf2f0cab931377c25799b87c7a64189d3815adf7a4a7fb64,1080,1080,1080,1080,dzen.ru,https://dzen.ru/a/Xww0vEJ7-mnb5a1Z,https://avatars.dzeninfra.ru/get-zen_doc/1911692/pub_5f0c34bc427bfa69dbe5ad59_5f0c360b7249e257ea6a30d7/orig,Самый приличный супермаркет Феодосии | Организатор винных путешествий | Дзен,dzen-article,2026-09-27
web-031.jpg,53fdfeaa07bd466a24dd646d9a66b55ea20a5ac2dec5a585396ea23516ff552a,1080,1080,1080,1080,dzen.ru,https://dzen.ru/a/Xww0vEJ7-mnb5a1Z,https://avatars.dzeninfra.ru/get-zen_doc/1661927/pub_5f0c34bc427bfa69dbe5ad59_5f0c36168b3d8132864d14ee/orig,Самый приличный супермаркет Феодосии | Организатор винных путешествий | Дзен,dzen-article,2026-09-27
web-032.jpg,d4a0f598185991d792c60750036730e47cdcf3315c1e4a015a8e80c53b888e62,1021,1200,1021,1200,dzen.ru,https://dzen.ru/a/XywKWZ-6Q261furv,https://avatars.dzeninfra.ru/get-zen_doc/118604/pub_5f2c0a599fba436eb57eeaef_5f2c0c0f7e58500ca886b440/orig,На винных полках Дикси. Август 2020. | Блог Винофана | Дзен,dzen-article,2026-09-27
web-033.jpg,860953adc959feadbcbd2cbcd59016528d2b61cfaec1b51c6a009a9827d77a44,1200,1175,1200,1175,dzen.ru,https://dzen.ru/a/YC1J2TrW7nh8z9Yk,https://avatars.dzeninfra.ru/get-zen_doc/4756594/pub_602d49d93ad6ee787ccfd624_602d4a86ffa2d86ae4d2b06b/orig,Февральские скидки на вино в сети EUROSPAR | Блог Винофана | Дзен,dzen-article,2026-09-27
web-034.jpg,1f423d011f30fdf7b357760e2f2e42b4e8424d55874d9f864901671690577a92,987,1100,987,1100,dzen.ru,https://dzen.ru/a/YDIwpy3FeVY2D2P8,https://avatars.dzeninfra.ru/get-zen_doc/4520400/pub_603230a72dc57956360f63fc_603232e9084cc3452421126d/scale_1200,Рейтинг ликерных вин от Роскачества Блог Винофана Дзен,Массандра портвейн полка магнит,2026-09-27
web-035.jpg,6598585cd207cef0dfe8a23aaf962dfc6c5736eb9d332e26fe52660914a37e37,1200,1077,1200,1077,dzen.ru,https://dzen.ru/a/YOW_2ly__B1NR7Oe,https://avatars.dzeninfra.ru/get-zen_doc/5234364/pub_60e5bfda5cbffc1d4d47b39e_60e5c093ec792f56554b4685/orig,"Винные полки Пятерочки, июль 2021 | Блог Винофана | Дзен",dzen-article,2026-09-27
web-036.jpg,ccb609522db46569c9615a3edc6122486a844b26d6251370da2fe19c354966ff,1200,1200,1200,1200,dzen.ru,https://dzen.ru/a/YOW_2ly__B1NR7Oe,https://avatars.dzeninfra.ru/get-zen_doc/3413523/pub_60e5bfda5cbffc1d4d47b39e_60e5c1e2ec792f56554c2981/orig,"Винные полки Пятерочки, июль 2021 | Блог Винофана | Дзен",dzen-article,2026-09-27
web-037.jpg,2ae84ea86b6df6103ec16cd4760087e8e631595cf7e779a09204b071879e5416,1300,1236,1300,1236,dzen.ru,https://dzen.ru/a/YRPov2aLkW23Uk1J,https://avatars.dzeninfra.ru/get-zen_doc/4447382/pub_6113e8bf668b916db7524d49_6113eadb668b916db75908df/orig,"Винные полки Ашана, август 2021 | Блог Винофана | Дзен",dzen-article,2026-09-27
web-038.jpg,3d6b07262175f35ab3850cabac35776dd1a2897b39e128e49c5cb9ffe789d103,1200,1126,1200,1126,dzen.ru,https://dzen.ru/a/YRPov2aLkW23Uk1J,https://avatars.dzeninfra.ru/get-zen_doc/1362552/pub_6113e8bf668b916db7524d49_6113eb261bb82e33efb9d09e/orig,"Винные полки Ашана, август 2021 | Блог Винофана | Дзен",dzen-article,2026-09-27
web-039.jpg,4c3c4a2f615888635265517b47b7bdbe404fb5c1d8595ee551b8d997905713b3,1300,1214,1300,1214,dzen.ru,https://dzen.ru/a/YRPov2aLkW23Uk1J,https://avatars.dzeninfra.ru/get-zen_doc/196027/pub_6113e8bf668b916db7524d49_6113eaef0f7aab45476df0de/orig,"Винные полки Ашана, август 2021 | Блог Винофана | Дзен",dzen-article,2026-09-27
web-040.jpg,11b2b4e4da44f9d22e7283f7a7325daba8920aee90252a7bce0d1eced415a18e,1200,1200,1200,1200,dzen.ru,https://dzen.ru/a/Z21WDYTS8G3huDKR,https://avatars.dzeninfra.ru/get-zen_doc/271828/pub_676d560d84d2f06de1b83291_676d591d34df1856a650d0e3/scale_1200,"Винотека российского вина ""ВиноАгент"", Рязань Из России с любовью Дзен",винотека российских вин,2026-09-27
web-041.jpg,abb260d85941f53435a0823bf3ca9d96c5687e43fbef5b6c4795222982f86abe,1280,960,1280,960,dzen.ru,https://dzen.ru/a/Z7rPzTw_PTcBIWXL,https://avatars.dzeninfra.ru/get-zen_doc/271828/pub_67bacfcd3c3f3d37012165cb_67bad46e5711db4944d75189/orig,Настоящий полковник: Чёрный Полковник 1996 и 2013 гг. урожая в прямом сопоставлении | Пары вин | Дзен,dzen-article,2026-09-27
web-042.jpg,9ea6089d964330c5997a3f3b794d257f16ee5dc681a3a090dab372d92c645430,2400,1800,2400,1800,dzen.ru,https://dzen.ru/a/ZXa-XLUrMW9ClNTA,https://avatars.dzeninfra.ru/get-zen_doc/271828/pub_6576be5cb52b316f4294d4c0_6576c21e89954f53fbf6de52/orig,Абрау-Дюрсо — фирменный магазин в Анапе. | Катюша из Москвы | Дзен,dzen-article,2026-09-27
web-043.jpg,8ee36e049a15bc6f704bfd73568eeb6546bc239f20bd73de184aceeb20cff6ef,1600,900,1600,900,dzen.ru,https://dzen.ru/a/ZdC8XrpPi2OKXxVv,https://avatars.dzeninfra.ru/get-zen_doc/271828/pub_65d0bc5eba4f8b638a5f156f_65d0bda4f2867c0e5ff1f226/orig,"Три игристых вина, до 500 рублей из магнита. | Сельский сомелье | Дзен",dzen-article,2026-09-27
web-044.jpg,dfea6b7ffb5cc9680eb588249afefc184c59c297120826984c748d72e44efe92,900,1600,900,1600,dzen.ru,https://dzen.ru/a/ZdC8XrpPi2OKXxVv,https://avatars.dzeninfra.ru/get-zen_doc/271828/pub_65d0bc5eba4f8b638a5f156f_65d0c2093933641137abab62/orig,"Три игристых вина, до 500 рублей из магнита. | Сельский сомелье | Дзен",dzen-article,2026-09-27
web-045.jpg,cbc217835ae21fe5125823cff38745f1d87c8d318a271512d23913f7626a19dc,2400,1558,2400,1558,dzen.ru,https://dzen.ru/a/ZjtzXmaQUXtVwdxr,https://avatars.dzeninfra.ru/get-zen_doc/271828/pub_663b735e6690517b55c1dc6b_663b776c7e0c9b5498adff88/orig,А может по бокалу вина? Смотрим винные полки крымских магазинов | Путь к себе | Дзен,dzen-article,2026-09-27
web-046.jpg,933eb7024b276dc069c27688c83f6652336e7bdc547ec80b7ac83334b05b3f65,2400,1723,2400,1723,dzen.ru,https://dzen.ru/a/ZjtzXmaQUXtVwdxr,https://avatars.dzeninfra.ru/get-zen_doc/271828/pub_663b735e6690517b55c1dc6b_663b778aa127f45a5ae340c7/orig,А может по бокалу вина? Смотрим винные полки крымских магазинов | Путь к себе | Дзен,dzen-article,2026-09-27
web-047.jpg,ef6081ac789b81a51f3047654657821434d8ef8157e73a323190043cde473ba4,2400,3200,2400,3200,dzen.ru,https://dzen.ru/a/ZjtzXmaQUXtVwdxr,https://avatars.dzeninfra.ru/get-zen_doc/271828/pub_663b735e6690517b55c1dc6b_663b77371d849c75f236bcee/orig,А может по бокалу вина? Смотрим винные полки крымских магазинов | Путь к себе | Дзен,dzen-article,2026-09-27
web-048.jpg,4977fd2663fdaf7f164ac354d70a33a73fd37bb821e3a1d26abf66dc683ed7f1,2400,2176,2400,2176,dzen.ru,https://dzen.ru/a/ZjtzXmaQUXtVwdxr,https://avatars.dzeninfra.ru/get-zen_doc/271828/pub_663b735e6690517b55c1dc6b_663b76d395aa2132f2ee8e22/orig,А может по бокалу вина? Смотрим винные полки крымских магазинов | Путь к себе | Дзен,dzen-article,2026-09-27
web-049.jpg,77612425b1a2a9367ec58b1a6caa7ce27f14992886598d7091f53754ba4bebaa,2400,3003,2400,3003,dzen.ru,https://dzen.ru/a/ZjtzXmaQUXtVwdxr,https://avatars.dzeninfra.ru/get-zen_doc/271828/pub_663b735e6690517b55c1dc6b_663b77b6fe23be2c19f9515d/orig,А может по бокалу вина? Смотрим винные полки крымских магазинов | Путь к себе | Дзен,dzen-article,2026-09-27
web-050.jpg,a4149a76c84c9bc05b1626542df7093fe30255307696c42035be4b6a9dab49cb,2400,2877,2400,2877,dzen.ru,https://dzen.ru/a/ZjtzXmaQUXtVwdxr,https://avatars.dzeninfra.ru/get-zen_doc/271828/pub_663b735e6690517b55c1dc6b_663b78698413e76d2e6d977a/orig,А может по бокалу вина? Смотрим винные полки крымских магазинов | Путь к себе | Дзен,dzen-article,2026-09-27
web-051.jpg,1e6bb494a83d81b971a3c63c8e91ace503cf121cb9055844cf891c5344d1ae0d,2400,1800,2400,1800,dzen.ru,https://dzen.ru/a/ZjtzXmaQUXtVwdxr,https://avatars.dzeninfra.ru/get-zen_doc/271828/pub_663b735e6690517b55c1dc6b_663b782dd9ad877c61ad4443/orig,А может по бокалу вина? Смотрим винные полки крымских магазинов | Путь к себе | Дзен,dzen-article,2026-09-27
web-052.jpg,a22472e752966b34dd837bb8f1e1b318cbde4e9948621c7ed5f8953808860902,1200,1024,1200,1024,dzen.ru,https://dzen.ru/a/ZjtzXmaQUXtVwdxr,https://avatars.dzeninfra.ru/get-zen_doc/271828/pub_663b735e6690517b55c1dc6b_663b774dd9ad877c61abe6ba/scale_1200,А может по бокалу вина? Смотрим винные полки крымских магазинов Путь к себе Дзен,Ленты вино крымское полка магазин,2026-09-27
web-053.jpg,19b3cdf70eaa1061446eb2baeaf3ed45716c55a48762985181855ca511a7e5e6,1280,960,1280,960,dzen.ru,https://dzen.ru/a/aBCwmWO5-WIBD30d,https://avatars.dzeninfra.ru/get-zen_doc/271828/pub_6810b09963b9f962010f7d1d_6810b21f37ab0a2d304dc41e/orig,"Цены в Массандре, в фирменном магазине. Сезон-2025, май | Пары вин | Дзен",dzen-article,2026-09-27
web-054.jpg,3c7927da24a89720637858e7cf3591d85941b8775dc3bb56fe6b28acf78d1cb0,1280,960,1280,960,dzen.ru,https://dzen.ru/a/aBCwmWO5-WIBD30d,https://avatars.dzeninfra.ru/get-zen_doc/271828/pub_6810b09963b9f962010f7d1d_6810b250ebc0f6686ce607a1/orig,"Цены в Массандре, в фирменном магазине. Сезон-2025, май | Пары вин | Дзен",dzen-article,2026-09-27
web-055.jpg,fd8b0017ce6e48da50b32aa127068d9a216ab76e1add1a48761b5b3391c0cee8,1280,960,1280,960,dzen.ru,https://dzen.ru/a/aBCwmWO5-WIBD30d,https://avatars.dzeninfra.ru/get-zen_doc/271828/pub_6810b09963b9f962010f7d1d_6810b21ec11f387ebf883354/orig,"Цены в Массандре, в фирменном магазине. Сезон-2025, май | Пары вин | Дзен",dzen-article,2026-09-27
web-056.jpg,572d1f2e3251e07374bbaa9722a47cf919142bc2dcc37b1bd8a01d52fcfdd81c,960,1280,960,1280,dzen.ru,https://dzen.ru/a/aBCwmWO5-WIBD30d,https://avatars.dzeninfra.ru/get-zen_doc/271828/pub_6810b09963b9f962010f7d1d_6810b253c11f387ebf88be96/orig,"Цены в Массандре, в фирменном магазине. Сезон-2025, май | Пары вин | Дзен",dzen-article,2026-09-27
web-057.jpg,ee3f90c3d2964b50a2b329180a4abc558f9e6268bb6cba17547ffb748fb00517,1280,960,1280,960,dzen.ru,https://dzen.ru/a/aBCwmWO5-WIBD30d,https://avatars.dzeninfra.ru/get-zen_doc/271828/pub_6810b09963b9f962010f7d1d_6810b25172e1730ce3590133/orig,"Цены в Массандре, в фирменном магазине. Сезон-2025, май | Пары вин | Дзен",dzen-article,2026-09-27
web-058.jpg,319239bc484e86f42a2aea427d695e9bce2bbc995acf0d0a0a680084f337ca4e,1280,960,1280,960,dzen.ru,https://dzen.ru/a/aBCwmWO5-WIBD30d,https://avatars.dzeninfra.ru/get-zen_doc/271828/pub_6810b09963b9f962010f7d1d_6810b25272e1730ce3590226/orig,"Цены в Массандре, в фирменном магазине. Сезон-2025, май | Пары вин | Дзен",dzen-article,2026-09-27
web-059.jpg,44a689a260097ca536a25889719b037958842ab2481677fb560a9f49ee4a0762,1280,960,1280,960,dzen.ru,https://dzen.ru/a/aBCwmWO5-WIBD30d,https://avatars.dzeninfra.ru/get-zen_doc/271828/pub_6810b09963b9f962010f7d1d_6810b252ebc0f6686ce60ba1/orig,"Цены в Массандре, в фирменном магазине. Сезон-2025, май | Пары вин | Дзен",dzen-article,2026-09-27
web-060.jpg,dd23681779792f1345ae68dd32d0d907eade7fe5a6f428a6d1c5330dd041d43e,427,320,427,320,irecommend.ru,https://irecommend.ru/content/ochen-neplokhoe-vino-idealno-podkhodit-k-frantsuzskomu-petukhu-v-vine,https://irecommend.ru/sites/default/files/imagecache/copyright1/user-images/1546904/vn4kHCKQSL0fCHHjeV8TpA.jpeg,"Вино красное сухое Зелёная Долина Пино Нуар - ""Очень неплохое вино. Идеально под",Зелёная Долина вино полка магазин,2026-09-27
web-061.jpg,49fe263bcfa9a7acda4159aed4e05684c78f3ad4277f967943b38fc55dd91b7f,1540,1700,1540,1700,krinitsa.wine,https://krinitsa.wine/events/?ELEMENT_ID=1,https://krinitsa.wine/img/grandeDeVine/5_x2.jpg,Открытие винного бутика Grande Vin в Геленджике,магазин вина Геленджик полки,2026-09-27
web-062.jpg,9469f6750c49cdd3e17359cb6a7b84b4b20047dd4c2ef0ecb7db2aeff28bb9af,1920,1280,1920,1280,yandex.ru/maps,https://yandex.com/maps/org/abrau_dyurso/112840029854/?ll=39.207977%2C51.678588&z=15,https://avatars.mds.yandex.net/get-altay/216588/2a0000015b1764054256d0fa29e8944f2389/L_height,"Абрау Дюрсо, alcoholic beverages, Voronezh, Mira Street, 1 - Yandex Maps",Абрау-Дюрсо алкогольные напитки магазин,2026-09-27
web-063.jpg,a91bbaf1f8140ff70e9555f3961f89127ac1c6019ea7a78132340c43d00b5cda,4096,2731,4285,2857,yandex.ru/maps,https://yandex.com/maps/org/abrau_dyurso/33660164811/,https://avatars.mds.yandex.net/get-altay/20191917/2a0000019eea53c979a14be908efc636f8b2/XXL_height,"Абрау-Дюрсо, alcoholic beverages, Rostov-on-Don, Krasnoarmeyskaya Street, 198А -",Абрау-Дюрсо алкогольные напитки магазин,2026-09-27
web-064.jpg,3366b3bec1292619b0665dac25d7d9659fcc6e5f1a35fe5524cfc12ef93f0bc7,4096,2411,6251,3679,yandex.ru/maps,https://yandex.com/maps/org/atelier_wine_abrau_durso/163863984251/?ll=65.574482%2C57.136304&z=15,https://avatars.mds.yandex.net/get-altay/1881820/2a0000016b03528272056da9d6f83caebb3e/XXL_height,"Atelier wine Abrau-Durso, alcoholic beverages, Tyumen, Respubliki Street, 159 -",Абрау-Дюрсо алкогольные напитки магазин,2026-09-27
web-065.jpg,5d0a71317597d114325ef9078327ac82f32a4742af2805fcab217b60e03ba57a,4096,2733,7260,4845,yandex.ru/maps,https://yandex.com/maps/org/atelye_vin_abrau_dyurso/163863984251/panorama/?ll=65.574847%2C57.136011&panorama%5Bdirection%5D=-57.400000%2C10.000000&panorama%5Bfull%5D=true&panorama%5Bpoint%5D=65.575512%2C57.135780&panorama%5Bspan%5D=0.000000%2C0.000000&z=13,https://avatars.mds.yandex.net/get-altay/1886119/2a0000016b0352d7977d6c392080f3e8a725/XXL,"Panorama: Atele vin Abrau-Diurso, liquor store, Russia, Tyumen, ulitsa Respublik",Абрау-Дюрсо Императорское полка магазин,2026-09-27
web-066.jpg,183045890d6f1a47c118f5c78e032d41ae6371bfbf8ace762430beec847f9c47,3000,4000,3000,4000,yandex.ru/maps,https://yandex.com/maps/org/brand_store_2_abrau_durso/93788841287/reviews/?ll=37.604376%2C44.703637&z=16,https://avatars.mds.yandex.net/get-altay/4562252/2a0000017be314e1479b4d9ba6d760754e06/orig,"Temporarily closed: Brand store № 2 Abrau-Durso, alcoholic beverages, Krasnodar",фирменный магазин Абрау-Дюрсо,2026-09-27
web-067.jpg,3698538fe061cff433b1c63ad3c602002a8c3812a024ca6e6047d0d5bda69133,960,1280,960,1280,yandex.ru/maps,https://yandex.com/maps/org/degustatsiya_i_prodazha_vin_proizvoditelya_soyuz_vino/60153189419/,https://avatars.mds.yandex.net/get-altay/11299266/2a00000191c8a6dd5cfe7eb247df09c875a6/orig,"Дегустация и Продажа ВИН производителя Союз-вино, restaurant, selo Maryina Roshc",фирменный магазин Союз-Вино,2026-09-27
web-068.jpg,11455186d02859af60ee6e7a44718b3b5366fc1381e114c14ce89b5271bca49d,4032,3024,4032,3024,yandex.ru/maps,https://yandex.com/maps/org/derbent_wine/130741771547/reviews/?page=3,https://avatars.mds.yandex.net/get-altay/9828935/2a00000188e4090415406e1b19e4fc3da477/S,"Reviews of Derbent Wine, Republic of Daghestan, City of Derbent, Sadovy pereulok",фирменный магазин Дербент вино,2026-09-27
web-069.jpg,307d92995de7f046b6504ef9d7c1ef14e6327dac68e70b1d5bd9c7c455b788b5,2992,4000,2992,4000,yandex.ru/maps,https://yandex.com/maps/org/fanagoriya/169962173803/,https://avatars.mds.yandex.net/get-altay/14782168/2a00000199952d6b9f8e5f3e25d86b12e61c/XXL_height,"Фанагория, alcoholic beverages, Saint Petersburg, Komendantskiy Avenue, 69 - Yan",Фанагория алкогольные напитки магазин,2026-09-27
web-070.jpg,8337a41bf5f04de9a14f158e57d5b47873bc7b9b9e9b1074af181a25cde7e412,3072,4096,3072,4096,yandex.ru/maps,https://yandex.com/maps/org/inkerman/120529985299/,https://avatars.mds.yandex.net/get-altay/10953738/2a0000018a4f555adb0773b8543ddfbb383d/XXL_height,"Inkerman, alcoholic beverages, село Угловое, улица Свидерского, 87 - Yandex Maps",Инкерман алкогольные напитки магазин,2026-09-27
web-071.jpg,7efa814e2db9412b391b7e5707af60c113470a73d59cdfd12cfef473474165c1,4032,3024,4032,3024,yandex.ru/maps,https://yandex.com/maps/org/kubanskiye_vina/220224946963/gallery/,https://avatars.mds.yandex.net/get-altay/14774583/2a00000198c32382a8e95ebba323f72062e4/orig,"Photo: Кубанские вина, alcoholic beverages, Nizhniy Novgorod, Ostrovskogo Street",кубанское вино полка магазин,2026-09-27
web-072.jpg,592f2c5989940db6c7be4659cd475dba9f41ce2ad8536c525b02188c73bc5aa8,3024,4032,3024,4032,yandex.ru/maps,https://yandex.com/maps/org/magazin_massandra/1178948164/,https://avatars.mds.yandex.net/get-altay/6249106/2a00000182c207056e470209fcdf26e95a3a/XXL_height,"Magazin Massandra, alcoholic beverages, Евпатория, проспект Ленина, 32А - Yandex",Массандра алкогольные напитки магазин,2026-09-27
web-073.jpg,0a7fd374b1596b9fb63ded120ec142177759defd8f18f4866eb645d0640d9c63,3016,4032,3016,4032,yandex.ru/maps,https://yandex.com/maps/org/massandra/78430127215/panorama/,https://avatars.mds.yandex.net/get-altay/4552098/2a0000017bb646cfc37ef9610e756f01b7c7/XXL_height,"Panorama: Массандра, alcoholic beverages, село Рыбачье, Центральная улица, 1 - Y",крымское вино полка магазин,2026-09-27
web-074.jpg,86ecbe067ce4c464937598797b9d5c61f2b5d0f012dc5252ef432dbc991ae7d6,4096,3065,4640,3472,yandex.ru/maps,https://yandex.com/maps/org/shato_taman/106348994598/,https://avatars.mds.yandex.net/get-altay/5272526/2a00000182828652118561f0713a4793fd4d/XXL_height,"Шато-Тамань, alcoholic beverages, posyolok Kuchugury, Krasnaya ulitsa, 36 - Yand",Шато Тамань алкогольные напитки магазин,2026-09-27
web-075.jpg,a2509d41ae7d80537bf79d35c7d78e8b9f7f3c0e310c4a34631f11f4fed3f394,3072,4096,3120,4160,yandex.ru/maps,https://yandex.com/maps/org/winelab/57659795165/,https://avatars.mds.yandex.net/get-altay/4361937/2a0000017a108430cdf08d314d9a66b5cc4f/XXL_height,"Winelab, alcoholic beverages, Moscow, Izumrudnaya Street, 18 - Yandex Maps",винлаб полка вино,2026-09-27
web-076.jpg,7ad5ab0a01924d62b6236fe05fbc721e543863621bfd25f99b063ff5ffc74e91,2976,3968,2976,3968,yandex.ru/maps,https://yandex.com/maps/org/zolotaya_balka/127126022228/,https://avatars.mds.yandex.net/get-altay/15401366/2a000001969faae089e3e0638e71a9a33c36/XXL_height,"Zolotaya Balka, alcoholic beverages, Балаклава, набережная Назукина, 5 - Yandex",Золотая Балка алкогольные напитки магазин,2026-09-27
web-077.jpg,0098cb2659bb14798e91df0c7437a96499cbcde06fceacea7d42f92a356f9ecc,4032,3024,4032,3024,yandex.ru/maps,https://yandex.com/maps/org/zolotaya_balka/20666220821/?ll=37.675706%2C55.776642&z=13,https://avatars.mds.yandex.net/get-altay/4079915/2a000001794804904d7819f0539ad42edcd4/XXL_height,"Permanently closed: Zolotaya Balka, alcoholic beverages, Moscow, Baumanskaya Str",Золотая Балка алкогольные напитки магазин,2026-09-27
web-078.jpg,42f781a9c8610771892bdddf7776e0e3dcaa85eae6e82dce5cbc3c4e0f3ec115,3072,4096,3456,4608,yandex.ru/maps,https://yandex.kz/maps/user/vgg01k1m6wxmdd0wg1ptfvkghc,https://avatars.mds.yandex.net/get-altay/13457355/2a0000018ebcd6e629ff42e4dd387b886f90/XL,"Инкогнито 2368 - 2 пікір, 19 592 қаралым, 7 лайк - Яндекс Карты",Реликта вино полка магазин,2026-09-27
web-079.jpg,bcc8fd1380f91cfe75ee3ca58d9523ec7aa66e4d7fd8f4f00cf262fde00f5bd0,4032,2268,4032,2268,yandex.ru/maps,https://yandex.ru/maps/org/1001_butylka/234183322994/panorama/?ll=33.347556%2C45.193386&panorama%5Bdirection%5D=-141.400000%2C10.000000&panorama%5Bfull%5D=true&panorama%5Bpoint%5D=33.347856%2C45.193250&panorama%5Bspan%5D=0.000000%2C0.000000&z=15,https://avatars.mds.yandex.net/get-altay/4504251/2a0000017adf5fe8d2c083d93210d76371fb/XXL_height,"Панорама: 1001 Бутылка, алкогольные напитки, просп. Победы, 25, Евпатория - Янде",крымское вино полка магазин,2026-09-27
web-080.jpg,81810153773412b3170b0e0535a0307610578c8cc57cb9308d14937f20b33ab4,4096,2553,4500,2805,yandex.ru/maps,https://yandex.ru/maps/org/vino_v_bokale/175427400562/panorama/?ll=34.097659%2C44.950271&panorama%5Bdirection%5D=281.546064%2C-12.063208&panorama%5Bfull%5D=true&panorama%5Bpoint%5D=34.097670%2C44.950275&panorama%5Bspan%5D=0.000000%2C0.000000&z=13,https://avatars.mds.yandex.net/get-altay/1899063/2a0000016afcf4cfbedd5455c9e9b9ded6c4/XXL,"Панорама: Вино в Бокале, магазин алкогольных напитков, ул. Пушкина, 13, Симфероп",крымское вино полка магазин,2026-09-27
web-081.jpg,b1aca45b586250c8ebca0e37cf2cadfae95b221b2da48641902ef5472db0f9d3,1200,1600,1200,1600,mozart-wineacademy.com,https://mozart-wineacademy.com/news/sostoyalas-prezentaciya-vinodelni-byurne-v-akademii-somele-mozart-wine-house/,https://mozart-wineacademy.com/wp-content/uploads/2025/12/%D0%91%D1%8E%D1%80%D0%BD%D1%8C%D0%B5.jpg,В Академии сомелье Mozart Wine House состоялась презентация винодельни Бюрнье Mo,Бюрнье вино полка магазин,2026-09-27
web-082.jpg,4ef2368680c778683653ed6d12d247404ce6b4a7adcb43eaa2512ec2862afc27,800,600,800,600,nn.ru,https://www.nn.ru/community/auto/main/pochemu_vse_tak_rvutsya_v_nash_krym_priekhal_ottuda-bolshe_nipaedu.html,https://n1s1.hsmedia.ru/nn-img/forum800x600/0/forum/data/forum/files/2018-07/209854787-2018-07-01_12-20-01.jpg,Почему все так рвутся в наш Крым? Приехал оттуда-больше нИпаеду! - обсуждение (3,Массандра полка перекресток,2026-09-27
web-083.jpg,0b26191a0716dc2f07711a2f356c120ab92fb08e46264f9f4b04c6cab4fef44f,600,800,600,800,otzovik.com,https://otzovik.com/review_12972194.html,https://i2022.otzovik.com/2022/01/24/12972194/img/706451_83978085.jpeg,Отзыв о Вино сухое белое Ведерниковъ Ркацители 2017 - не в восторге.,Ведерниковъ вино полка магазин,2026-09-27
web-084.jpg,29fc242a267fba47dc62ca0d3c28bb1f318fe34e5e4ad86307e82b88972d3c93,600,800,600,800,otzovik.com,https://otzovik.com/review_14299947.html,https://i2023.otzovik.com/2023/02/07/14299947/img/245776_52413988.jpeg,"Отзыв о Вино марочное Солнечная долина ""Черный Полковник"" Не самое лучшее из вин",Черный полковник вино полка магазин,2026-09-27
web-085.jpg,7d4fd31d605360e518fe9eaa637fd935b5439901ce2f249b776bcf7632935f56,600,800,600,800,otzovik.com,https://otzovik.com/review_14299958.html,https://i2023.otzovik.com/2023/02/07/14299958/img/318030_5444181.jpeg,"Отзыв о Вино Солнечная долина ""Черный Доктор"" Изумительное вино! Простые люди об",Черный доктор Солнечная долина полка магазин,2026-09-27
web-086.jpg,b3187625707443ba2c04ee5a790af727df12716bfd7c908f7e396e6f4991d61f,600,800,600,800,otzovik.com,https://otzovik.com/review_14766850.html,https://i2023.otzovik.com/2023/05/26/14766850/img/2261603_87084290.jpeg,Отзыв о Вино белое игристое Aristov Millesimato Brut Millesimato - классное милл,Аристов вино полка магазин,2026-09-27
web-087.jpg,6ea175abd4ab62dff7682ca1cc64d6bd2eef51b145ca6beb0045d2bed462c37a,600,800,600,800,otzovik.com,https://otzovik.com/review_15909042.html,https://i2024.otzovik.com/2024/03/15/15909042/img/1756950_8230333.jpeg,"Отзыв о Вино сухое белое Кубань Вино ""Высокий берег. Рислинг"" Вино сухое белое """,Высокий Берег вино Кубань-Вино полка магазин,2026-09-27
web-088.jpg,41097468cf41b04351950f7586c9d98715de161492f0658607ee6eead503e444,600,800,600,800,otzovik.com,https://otzovik.com/review_16448738.html,https://i2024.otzovik.com/2024/08/20/16448738/img/1728273_70524957.jpeg,Отзыв о Вино белое сухое Кубань-вино Шато Тамань Верт Летний сюрприз,Chateau Tamagne Nature полка магазин,2026-09-27
web-089.jpg,b0a754f2a58adc9b82c990165b4c23c35ce300f8f3efa6d5452ba2b8113e73eb,600,1299,600,1299,otzovik.com,https://otzovik.com/review_16910253.html,https://i2025.otzovik.com/2025/01/07/16910253/img/2300673_88728536.jpeg,"Отзыв о Вино красное полусладкое Зеленая долина ""Каберне-Мерло"" За свою цену - о",Зелёная Долина вино полка магазин,2026-09-27
web-090.jpg,eb88b32779379f926e3fe34e0f197ae3d19ffc0b23cac49d1b21f2642849adf4,600,800,600,800,otzovik.com,https://otzovik.com/review_17786748.html,https://i2025.otzovik.com/2025/10/25/17786748/img/2636444_38621962.jpeg,"Отзыв о Вино Inkerman Шато Руж Влюбилась Семья в полусухое: не ""кислятинка""-сухо",Инкерман Шато Руж полка магазин,2026-09-27
web-091.jpg,cd122afaea625cf933e79634335c46f5292eca622a02039bd4d2b3637b5b3151,600,800,600,800,otzovik.com,https://otzovik.com/review_17978534.html,https://i2025.otzovik.com/2025/12/27/17978534/img/2608255_31297177.webp,"Отзыв о Вино ординарное полусладкое красное ""Кубань"" Riviera Недорогое и лёгкое,",вино лента обзор российское,2026-09-27
web-092.jpg,fd7baaa4f4b4ec792b707f441d0f92dbf295a168419045f98d10ae3387e808fe,600,1064,600,1064,otzovik.com,https://otzovik.com/review_6301725.html,https://i2018.otzovik.com/2018/04/04/6301725/img/53779247.jpeg,"Отзыв о Вино марочное крепленое десертное сладкое белое Массандра ""Кокур. Десерт",Массандра полка перекресток,2026-09-27
web-093.jpg,75f624ad0ef1beecde19ac83e584b6ed29849f898b077c012e652a5b9aac3c4f,540,1080,540,1080,otzovik.com,https://otzovik.com/review_8606051.html,https://i2019.otzovik.com/2019/08/12/8606051/img/246736_26655712.jpeg,"Отзыв о Портвейн красный Массандра ""Алушта"" Дистанционное действие портвейна док",Портвейн Алушта полка магазин,2026-09-27
web-094.jpg,8b225f607081ac9f22f32f24b64a64bfb426805b0aec99130dffc935ba9434dc,1024,725,1024,725,russkoe-vino-9-ja-linija-vasilevskogo-ostrova.clients.site,https://russkoe-vino-9-ja-linija-vasilevskogo-ostrova.clients.site/filter-category/vina-kubani,https://avatars.mds.yandex.net/get-sprav-products/1540730/2a0000019276e00c4029c0508a7dd7191c44/XXL,Русское Вино,винотека российских вин,2026-09-27
web-095.jpg,bc6873b6474fda13fa3f07af7bbc6c07c1c6fcd3c724e028d8d6c285b1a9a744,1024,768,1024,768,russkoe-vino-9-ja-linija-vasilevskogo-ostrova.clients.site,https://russkoe-vino-9-ja-linija-vasilevskogo-ostrova.clients.site/service/vina-arhitektora-vadima-berdyaeva/TYCOON_33502180575,https://avatars.mds.yandex.net/get-sprav-products/2893106/2a00000192195abecd87063b6c06c7ef96ea/XXL,Вина архитектора Вадима Бердяева - Русское Вино,винотека российских вин,2026-09-27
web-096.jpg,375739e0e37834ce35ebcd0b183509d6f8055ac8b88719219f08e24626bc349b,1024,757,1024,757,russkoe-vino-9-ja-linija-vasilevskogo-ostrova.clients.site,https://russkoe-vino-9-ja-linija-vasilevskogo-ostrova.clients.site/service/vina-gunko-winery-stil-i-kachestvo/TYCOON_34848882459,https://avatars.mds.yandex.net/get-sprav-products/13944716/2a0000019276e766dbac0b7c374595a7e8b0/XXL,Вина Gunko Winery - стиль и качество - Русское Вино,винотека российских вин,2026-09-27
web-097.jpg,07ef27fe4ef2fea0983ecf693528b5952e68720644bf722e95572957588c7509,864,500,864,500,travelcrimea.com,https://travelcrimea.com/longrid/20191101/616416.html,https://travelcrimea.com/images/61/82/618272.jpg,"Как рождаются крымские вина: Дом шампанских вин ""Новый Свет"" Лонгриды Туристичес",Новый Свет шампанское полка магазин,2026-09-27
web-098.jpg,ce9f4807e19721d8138d1291db8283de79cd0d071f95fd54b20b24d32b7c018a,1630,860,1630,860,villasofiavlz.ru,https://villasofiavlz.ru/vinodelnya/?calltouch_tm=yd_c:713681210_gb:5789906003_ad:1918926484457340937_ph:57885148684_st:search_pt:premium_p:1_s:none_dt:mobile_reg:10951_ret:57885148684_apt:none,https://villasofiavlz.ru/wp-content/uploads/2022/08/HF5A9817_resized-1630x860.jpg,Винодельня Вилла София. Дегустации. Запишитесь и попробуйте наше вино,Вилла София вино полка магазин,2026-09-27
web-099.jpg,e015fc64489a47d7aaa96dc09e2be4e68fbf701e3f3549b755f320f3bc2ab81c,1024,768,1024,768,vinnyj-bar-koktebel.clients.site,https://vinnyj-bar-koktebel.clients.site/,https://avatars.mds.yandex.net/get-sprav-products/10118156/2a0000018ff2cda2eb3b4e43c29e5e0a0e44/XXL,Винный бар Коктебель,Коктебель вино полка магазин,2026-09-27
web-100.jpg,386f371f1b39fb2ed3454de329c369da7b406d7a7e16b33814a36c59d523f592,994,680,994,680,vino.ru,https://vino.ru/novosti/?PAGEN_1=59,https://vino.ru/upload/iblock/003/14pem6zjw8yzkemq4s53ermg2h9bxyw0/699b4e3bcd3d418e8efd20e7310f1026.jpg,Новости о вине - страница 59,Губернаторское вино Ведерниковъ полка магазин,2026-09-27
web-101.jpg,be2e88b2edf9cbfd8912478a819cd1955102b5d59ddb113a1079b29268478fbd,1280,720,1280,720,youtube.com,https://www.youtube.com/watch?v=9BQzyA4vzH0,https://i.ytimg.com/vi/9BQzyA4vzH0/maxresdefault.jpg?sqp=-oaymwEmCIAKENAF8quKqQMa8AEB-AHUBoAC4AOKAgwIABABGGUgVyhIMA8=&rs=AOn4CLAIUKU5WkJ96IUMZ3_dWInyntg5Qg,Крым2021/Обзор магазина вина и шампанского Новый свет!🍾 🍾 🍾 - YouTube,Новый Свет вино полка магазин,2026-09-27
