query_id,image_path,accepted_slugs,note,dataset,source,x,y,group
s-002,s-002.jpg,czimlyanskoe-risling,«ЦИМЛЯНСКОЕ сухое белое РИСЛИНГ» (синяя этикетка с шашками); ценник «Цимлянские вина Цимлянское Рислинг бел/сух»,store_shelves_v1,shelf-01.jpg,28,56,store_shelves_v1/shelf-01.jpg
s-009,s-009.jpg,kuban-vino-shato-tamane-selekt-ruzh-saperavi-krasnoe-suhoe-125,«CHATEAU TAMAGNE SELECT ROUGE 2024»; ценник «Chateau Tamagne Select Rouge крас/сух»,store_shelves_v1,shelf-02.jpg,17,66,store_shelves_v1/shelf-02.jpg
s-012,s-012.jpg,shato-taman-par-la-mer-czvajgelt,"«CHATEAU TAMAGNE Par La Mer ZWEIGELT, красное сухое 2023»",store_shelves_v1,shelf-02.jpg,60,66,store_shelves_v1/shelf-02.jpg
s-015,s-015.jpg,shato-taman-par-la-mer-czvajgelt,«CHATEAU TAMAGNE Par La Mer ZWEIGELT красное сухое 2023»,store_shelves_v1,shelf-03.jpg,10,67,store_shelves_v1/shelf-03.jpg
s-018,s-018.jpg,chateau-tamagne-eno-traminer-i-shardone,"«CHATEAU TAMAGNE ENO траминер-шардоне 2025, белое сухое»; ценник «Chateau Tamagne Eno Траминер Шардоне бел/сух»",store_shelves_v1,shelf-03.jpg,73,67,store_shelves_v1/shelf-03.jpg
s-020,s-020.jpg,chateau-tamagne-eno-traminer-i-shardone,"«CHATEAU TAMAGNE ENO траминер-шардоне 2025, белое сухое»",store_shelves_v1,shelf-04.jpg,14,66,store_shelves_v1/shelf-04.jpg
s-025,s-025.jpg,czimlyanskoe-risling,«ЦИМЛЯНСКОЕ сухое белое РИСЛИНГ» (синяя этикетка с шашками),store_shelves_v1,shelf-04.jpg,90,60,store_shelves_v1/shelf-04.jpg
s-028,s-028.jpg,beloe-suhoe,Солнечная Долина с птицей и цветами «СУХОЕ БЕЛОЕ»; ценник «Солнечная Долина Крым ЗГУ бел/сух»,store_shelves_v1,shelf-05.jpg,38,8,store_shelves_v1/shelf-05.jpg
s-031,s-031.jpg,solnechnaya-dolina-privat-kaberne-sovinon-krasnoe-sladkoe-155,«Солнечная Долина ПРИВАТ 2024 красное»; две карточки,store_shelves_v1,shelf-05.jpg,81,8,store_shelves_v1/shelf-05.jpg
s-032,s-032.jpg,derbent-vino-desono-merlo-krasnoe-suhoe-125,"«DESONO MERLOT, сделано в Дагестане»; ценник «Desono Merlot крас/сух»",store_shelves_v1,shelf-05.jpg,20,66,store_shelves_v1/shelf-05.jpg
s-033,s-033.jpg,derbent-vino-desono-shardone-beloe-suhoe-125,«DESONO CHARDONNAY»; ценник «Desono Chardonnay бел/сух»,store_shelves_v1,shelf-05.jpg,45,66,store_shelves_v1/shelf-05.jpg
s-034,s-034.jpg,derbent-vino-desono-risling-beloe-suhoe-125,«DESONO RIESLING»; ценник «Desono Riesling бел/сух»,store_shelves_v1,shelf-05.jpg,60,66,store_shelves_v1/shelf-05.jpg
s-035,s-035.jpg,derbent-vino-desono-kaberne-sovinon-krasnoe-suhoe-125,«DESONO CABERNET SAUVIGNON»; ценник «Desono Cabernet Sauvignon крас/сух»,store_shelves_v1,shelf-05.jpg,74,66,store_shelves_v1/shelf-05.jpg
s-036,s-036.jpg,kuban-vino-vysokiy-bereg-merlo-krasnoe-suhoe-135,"«Высокий Берег МЕРЛО 2025, сухое красное»; ценник «Высокий Берег Мерло Кубань крас/сух»",store_shelves_v1,shelf-06.jpg,14,58,store_shelves_v1/shelf-06.jpg
s-037,s-037.jpg,vysokij-bereg-czvajgelt,"«Высокий Берег ЦВАЙГЕЛЬТ 2024, сухое розовое»; ценник «Высокий Берег Цвайгельт Кубань роз/сух»",store_shelves_v1,shelf-06.jpg,31,60,store_shelves_v1/shelf-06.jpg
s-039,s-039.jpg,kuban-vino-vysokiy-bereg-myuller-turgau-beloe-suhoe-13,"«Высокий Берег МЮЛЛЕР-ТУРГАУ 2025, сухое белое»",store_shelves_v1,shelf-06.jpg,60,60,store_shelves_v1/shelf-06.jpg
s-041,s-041.jpg,derbent-vino-desono-merlo-krasnoe-suhoe-125,«DESONO MERLOT»; у края,store_shelves_v1,shelf-06.jpg,90,58,store_shelves_v1/shelf-06.jpg
s-042,s-042.jpg,kuban-vino-flyor-dyu-syud-ruzh-de-tamane-rubin-golodrigi-krasnoe-suhoe-12,"«CHATEAU TAMAGNE FLEURS DU SUD Rouge de Tamagne 2023, красное сухое»; ценник «Chateau Tamagne Fleurs Du Sud крас/сух»",store_shelves_v1,shelf-07.jpg,16,60,store_shelves_v1/shelf-07.jpg
s-045,s-045.jpg,kuban-vino-vysokiy-bereg-merlo-krasnoe-suhoe-135,"«Высокий Берег МЕРЛО 2025, сухое красное»",store_shelves_v1,shelf-07.jpg,64,56,store_shelves_v1/shelf-07.jpg
s-046,s-046.jpg,vysokij-bereg-czvajgelt,"«Высокий Берег ЦВАЙГЕЛЬТ 2024, сухое розовое»",store_shelves_v1,shelf-07.jpg,79,60,store_shelves_v1/shelf-07.jpg
s-047,s-047.jpg,olymp-winery-adagum-krasnostop-krasnostop-zolotovskiy-krasnoe-suhoe-11,«ADAGUM KRASNOSTOP сухое красное» (белая этикетка с пейзажем),store_shelves_v1,shelf-08.jpg,12,8,store_shelves_v1/shelf-08.jpg
s-050,s-050.jpg,olymp-winery-adagum-chardonnay-kuban-shardone-beloe-suhoe-11;olymp-winery-adagum-chardonnay-shardone-beloe-suhoe-11,«ADAGUM CHARDONNAY сухое белое»; ценник «Адагум Шардоне Кубань бел/сух»,store_shelves_v1,shelf-08.jpg,51,8,store_shelves_v1/shelf-08.jpg
s-051,s-051.jpg,olymp-winery-adagum-riesling-risling-beloe-suhoe-11,«ADAGUM RIESLING сухое белое»; ценник «Адагум Рислинг Кубань бел/сух»,store_shelves_v1,shelf-08.jpg,64,8,store_shelves_v1/shelf-08.jpg
s-052,s-052.jpg,olymp-winery-adagum-odessa-black-kuban-odesskiy-chernyy-krasnoe-suhoe-11,«ADAGUM ОДЕССКИЙ ЧЕРНЫЙ сухое красное»; ценник «Адагум Одесский Чёрный крас/сух»,store_shelves_v1,shelf-08.jpg,78,8,store_shelves_v1/shelf-08.jpg
s-053,s-053.jpg,olymp-winery-adagum-saperavi-saperavi-krasnoe-suhoe-11,«ADAGUM SAPERAVI сухое красное»; у края,store_shelves_v1,shelf-08.jpg,91,8,store_shelves_v1/shelf-08.jpg
s-057,s-057.jpg,inkerman-muskatnoe-beloe,"«INKERMAN МУСКАТНОЕ, полусладкое белое»; ценник «Inkerman Мускатное бел/п/сл»",store_shelves_v1,shelf-08.jpg,41,60,store_shelves_v1/shelf-08.jpg
s-058,s-058.jpg,inkerman-shato-blan,"«INKERMAN ШАТО БЛАН, полусухое белое»; ценник «Inkerman Шато Блан»",store_shelves_v1,shelf-08.jpg,52,60,store_shelves_v1/shelf-08.jpg
s-062,s-062.jpg,vysokij-bereg-traminer-zelenaya-seriya,«ТРАМИНЕР Высокий Берег» (зелёная серия); ценник «Высокий берег Траминер Кубань Зеленая серия бел/сух»,store_shelves_v1,shelf-09.jpg,31,8,store_shelves_v1/shelf-09.jpg
s-063,s-063.jpg,vysokij-bereg-risling-zelenaya-seriya,"«РИСЛИНГ Высокий Берег» (зелёная серия, тихое); ценник «Высокий берег Рислинг Кубань Зеленая серия бел/сух»",store_shelves_v1,shelf-09.jpg,44,8,store_shelves_v1/shelf-09.jpg
s-082,s-082.jpg,fanagoriya-100-ottenkov-krasnogo-saperavi-krasnoe-suhoe-14,"«100 оттенков красного, Саперави 2022», ценник «Fanagoria 100 оттенков красного крас/сух»; бутылка у края кадра",store_shelves_v1,shelf-11.jpg,12,58,store_shelves_v1/shelf-11.jpg
s-083,s-083.jpg,fanagoriya-100-ottenkov-shardone-beloe-suhoe-14,"«100 ОТТЕНКОВ БЕЛОГО, ШАРДОНЕ 2022, FANAGORIA»",store_shelves_v1,shelf-11.jpg,42,62,store_shelves_v1/shelf-11.jpg
s-085,s-085.jpg,fanagoriya-100-ottenkov-krasnogo-saperavi-krasnoe-suhoe-14,"«100 ОТТЕНКОВ КРАСНОГО, САПЕРАВИ 2022», ценник тот же",store_shelves_v1,shelf-12.jpg,40,70,store_shelves_v1/shelf-12.jpg
s-086,s-086.jpg,fanagoriya-100-ottenkov-shardone-beloe-suhoe-14,"«100 ОТТЕНКОВ БЕЛОГО, ШАРДОНЕ 2022»",store_shelves_v1,shelf-12.jpg,64,66,store_shelves_v1/shelf-12.jpg
s-087,s-087.jpg,esse-pino-nuar-krasnoe-suhoe-115,«PINOT NOIR ESSE UNPLUGGED Crimea 2022»; бутылка у края,store_shelves_v1,shelf-13.jpg,8,74,store_shelves_v1/shelf-13.jpg
s-088,s-088.jpg,esse-pino-gri-beloe-suhoe-12;esse-pino-gri-beloe-suhoe-135,«PINOT GRIS ESSE UNPLUGGED Crimea 2022»; две карточки,store_shelves_v1,shelf-13.jpg,42,75,store_shelves_v1/shelf-13.jpg
s-089,s-089.jpg,esse-muskat-oranzh-muskat-belyy-beloe-suhoe-115,«MUSCAT ORANGE ESSE UNPLUGGED Crimea 2022»,store_shelves_v1,shelf-13.jpg,78,75,store_shelves_v1/shelf-13.jpg
s-090,s-090.jpg,esse-rkatsiteli-oranzh-beloe-suhoe-12,«RKATSITELI ORANGE ESSE UNPLUGGED Crimea 2022»,store_shelves_v1,shelf-14.jpg,43,73,store_shelves_v1/shelf-14.jpg
s-091,s-091.jpg,esse-mama-marselan-krasnoe-suhoe-115;esse-mama-marselan-krasnoe-suhoe-135,«MAMA MARSELAN/MALBEC ESSE UNPLUGGED Crimea 2022»; две карточки,store_shelves_v1,shelf-14.jpg,76,73,store_shelves_v1/shelf-14.jpg
s-093,s-093.jpg,esse-pino-nuar-krasnoe-suhoe-115,«PINOT NOIR ESSE UNPLUGGED Crimea 2022»,store_shelves_v1,shelf-15.jpg,49,78,store_shelves_v1/shelf-15.jpg
s-094,s-094.jpg,esse-pino-gri-beloe-suhoe-12;esse-pino-gri-beloe-suhoe-135,«PINOT GRIS ESSE UNPLUGGED Crimea 2022»; две карточки,store_shelves_v1,shelf-15.jpg,84,78,store_shelves_v1/shelf-15.jpg
s-095,s-095.jpg,esse-muskat-oranzh-muskat-belyy-beloe-suhoe-115,«MUSCAT ORANGE ESSE UNPLUGGED Crimea 2022»,store_shelves_v1,shelf-16.jpg,18,78,store_shelves_v1/shelf-16.jpg
s-096,s-096.jpg,esse-ridicule-sira-krasnoe-suhoe-125,«RIDICULE ESSE UNPLUGGED Crimea 2022»,store_shelves_v1,shelf-16.jpg,60,80,store_shelves_v1/shelf-16.jpg
s-097,s-097.jpg,esse-pino-gri-beloe-suhoe-12;esse-pino-gri-beloe-suhoe-135,«PINOT GRIS ESSE UNPLUGGED Crimea 2022»; две карточки; бутылка у края,store_shelves_v1,shelf-17.jpg,12,72,store_shelves_v1/shelf-17.jpg
s-098,s-098.jpg,esse-muskat-oranzh-muskat-belyy-beloe-suhoe-115,«MUSCAT ORANGE ESSE UNPLUGGED Crimea 2022»,store_shelves_v1,shelf-17.jpg,55,74,store_shelves_v1/shelf-17.jpg
s-099,s-099.jpg,esse-rkatsiteli-oranzh-beloe-suhoe-12,«RKATSITELI ORANGE ESSE UNPLUGGED Crimea 2022»,store_shelves_v1,shelf-18.jpg,16,72,store_shelves_v1/shelf-18.jpg
s-100,s-100.jpg,esse-mama-marselan-krasnoe-suhoe-115;esse-mama-marselan-krasnoe-suhoe-135,«MAMA MARSELAN/MALBEC ESSE UNPLUGGED Crimea 2022»; две карточки,store_shelves_v1,shelf-18.jpg,48,73,store_shelves_v1/shelf-18.jpg
s-101,s-101.jpg,esse-odessa-black-odesskiy-chernyy-krasnoe-suhoe-12,«ODESSA BLACK ESSE UNPLUGGED Crimea 2022»; бутылка у края,store_shelves_v1,shelf-18.jpg,88,72,store_shelves_v1/shelf-18.jpg
s-102,s-102.jpg,esse-mama-marselan-krasnoe-suhoe-115;esse-mama-marselan-krasnoe-suhoe-135,«MAMA MARSELAN/MALBEC ESSE UNPLUGGED Crimea 2022»; две карточки,store_shelves_v1,shelf-19.jpg,12,67,store_shelves_v1/shelf-19.jpg
s-103,s-103.jpg,esse-odessa-black-odesskiy-chernyy-krasnoe-suhoe-12,«ODESSA BLACK ESSE UNPLUGGED Crimea 2022»,store_shelves_v1,shelf-19.jpg,44,70,store_shelves_v1/shelf-19.jpg
s-104,s-104.jpg,esse-merlo-krasnoe-suhoe-135,"Esse Мерло, чёрная этикетка; ценник «Вино Esse Мерло крас/сух»",store_shelves_v1,shelf-19.jpg,75,56,store_shelves_v1/shelf-19.jpg
s-105,s-105.jpg,esse-odessa-black-odesskiy-chernyy-krasnoe-suhoe-12,«ODESSA BLACK ESSE UNPLUGGED Crimea 2022»,store_shelves_v1,shelf-20.jpg,24,70,store_shelves_v1/shelf-20.jpg
s-106,s-106.jpg,esse-merlo-krasnoe-suhoe-135,"Esse Мерло, чёрная этикетка; ценник «Вино Esse Мерло крас/сух»",store_shelves_v1,shelf-20.jpg,55,56,store_shelves_v1/shelf-20.jpg
s-107,s-107.jpg,esse-kaberne-sovinon-krasnoe-suhoe-14,"Esse Каберне Совиньон, чёрная этикетка; ценник «Esse Каберне Совиньон крас/сух»; бутылка у края",store_shelves_v1,shelf-20.jpg,90,58,store_shelves_v1/shelf-20.jpg
s-110,s-110.jpg,massandra-portveyn-belyy-krymskiy-kokur-beloe-sladkoe-18,«МАССАНДРА ПОРТВЕЙН БЕЛЫЙ КРЫМСКИЙ»,store_shelves_v1,shelf-21.jpg,28,15,store_shelves_v1/shelf-21.jpg
s-112,s-112.jpg,massandra-muskatel-chernyy-krasnye-sorta-vinograda-krasnoe-sladkoe-16,«МАССАНДРА МУСКАТЕЛЬ ЧЕРНЫЙ 2024»; ценник «Массандра Мускатель черный крас.»,store_shelves_v1,shelf-21.jpg,52,15,store_shelves_v1/shelf-21.jpg
s-113,s-113.jpg,portvejn-surozh,«МАССАНДРА ПОРТВЕЙН БЕЛЫЙ СУРОЖ»; ценник «Массандра Портвейн Белый Сурож»,store_shelves_v1,shelf-21.jpg,62,15,store_shelves_v1/shelf-21.jpg
s-114,s-114.jpg,massandra-portveyn-belyy-alushta-belye-sorta-vinograda-beloe-sladkoe-17,«МАССАНДРА ПОРТВЕЙН БЕЛЫЙ АЛУШТА 2025»,store_shelves_v1,shelf-21.jpg,73,15,store_shelves_v1/shelf-21.jpg
s-117,s-117.jpg,vinodelnya-pokrovskaya-rkatsiteli-shardone-pokrovskoe-beloe-suhoe-13,Покровская «Ркацители-Шардоне»; ценник «Покровское Ркацители-Шардоне Нижняя Волга бел/сух»,store_shelves_v1,shelf-21.jpg,22,62,store_shelves_v1/shelf-21.jpg
s-118,s-118.jpg,vinodelnya-pokrovskaya-risling-pokrovskoe-risling-reynskiy-beloe-suhoe-13,Покровская «РИСЛИНГ»; ценник «Покровское Рислинг Нижняя Волга бел/сух»,store_shelves_v1,shelf-21.jpg,32,62,store_shelves_v1/shelf-21.jpg
s-120,s-120.jpg,valeriy-zaharin-aligote-burlyuk-beloe-suhoe-13,«БУРЛЮК Aligote Sur Lie»; ценник «Бурлюк Aligote Sur Lie бел/сух»,store_shelves_v1,shelf-21.jpg,64,62,store_shelves_v1/shelf-21.jpg
s-123,s-123.jpg,abrau-dyurso-risling-beloe-suhoe-12;abrau-dyurso-risling-beloe-suhoe-13,«Абрау-Дюрсо РИСЛИНГ» с орлом,store_shelves_v1,shelf-22.jpg,9,15,store_shelves_v1/shelf-22.jpg
s-124,s-124.jpg,abrau-dyurso-abrau-dyurso-pino-nuar-krasnoe-suhoe-13;abrau-dyurso-pino-nuar-krasnoe-suhoe-125;abrau-dyurso-pino-nuar-krasnoe-suhoe-12,«Абрау-Дюрсо ПИНО НУАР»; ценник «Абрау-Дюрсо Пино Нуар крас/сух»,store_shelves_v1,shelf-22.jpg,22,15,store_shelves_v1/shelf-22.jpg
s-125,s-125.jpg,abrau-dyurso-shardone-beloe-suhoe-13;abrau-dyurso-shardone-beloe-suhoe-12,«Абрау-Дюрсо ШАРДОНЕ»; ценник «Абрау-Дюрсо Шардоне бел/сух»,store_shelves_v1,shelf-22.jpg,37,15,store_shelves_v1/shelf-22.jpg
s-129,s-129.jpg,massandra-portveyn-belyy-krymskiy-kokur-beloe-sladkoe-18,«МАССАНДРА ПОРТВЕЙН БЕЛЫЙ…»; ценник «Массандра Портвейн Крымский бел.»,store_shelves_v1,shelf-22.jpg,84,15,store_shelves_v1/shelf-22.jpg
s-135,s-135.jpg,vinodelnya-pokrovskaya-rkatsiteli-shardone-pokrovskoe-beloe-suhoe-13,Покровская «Ркацители-Шардоне»; ценник «Покровское Ркацители-Шардоне»,store_shelves_v1,shelf-22.jpg,74,60,store_shelves_v1/shelf-22.jpg
s-136,s-136.jpg,vinodelnya-pokrovskaya-risling-pokrovskoe-risling-reynskiy-beloe-suhoe-13,Покровская «РИСЛИНГ»; ценник «Покровское Рислинг»,store_shelves_v1,shelf-22.jpg,84,60,store_shelves_v1/shelf-22.jpg
s-137,s-137.jpg,olymp-winery-adagum-riesling-risling-beloe-suhoe-11,«ADAGUM RIESLING сухое белое»; ценник «Адагум Рислинг»,store_shelves_v1,shelf-23.jpg,11,12,store_shelves_v1/shelf-23.jpg
s-138,s-138.jpg,olymp-winery-adagum-odessa-black-kuban-odesskiy-chernyy-krasnoe-suhoe-11,«ADAGUM ОДЕССКИЙ ЧЕРНЫЙ сухое красное»; ценник «Адагум Одесский Чёрный»,store_shelves_v1,shelf-23.jpg,25,10,store_shelves_v1/shelf-23.jpg
s-139,s-139.jpg,olymp-winery-adagum-saperavi-saperavi-krasnoe-suhoe-11,«ADAGUM SAPERAVI сухое красное»; ценник «Адагум Саперави крас/сух»,store_shelves_v1,shelf-23.jpg,39,10,store_shelves_v1/shelf-23.jpg
s-140,s-140.jpg,abrau-dyurso-risling-beloe-suhoe-12;abrau-dyurso-risling-beloe-suhoe-13,«Абрау-Дюрсо РИСЛИНГ» с орлом; ценник «Абрау-Дюрсо Рислинг бел/сух»,store_shelves_v1,shelf-23.jpg,67,15,store_shelves_v1/shelf-23.jpg
s-141,s-141.jpg,abrau-dyurso-abrau-dyurso-pino-nuar-krasnoe-suhoe-13;abrau-dyurso-pino-nuar-krasnoe-suhoe-125;abrau-dyurso-pino-nuar-krasnoe-suhoe-12,«Абрау-Дюрсо ПИНО НУАР»; ценник «Абрау-Дюрсо Пино Нуар»,store_shelves_v1,shelf-23.jpg,79,15,store_shelves_v1/shelf-23.jpg
s-149,s-149.jpg,massandra-bastardo-bastardo-magarachskiy-krasnoe-sladkoe-16,«…МАССАНДРА» (оранжевая этикетка); ценник «Массандра Бастардо крас.»,store_shelves_v1,shelf-24.jpg,24,5,store_shelves_v1/shelf-24.jpg
s-150,s-150.jpg,massandra-muskat-belyy-krasnogo-kamnya-beloe-sladkoe-13,«МАССАНДРА МУСКАТ БЕЛЫЙ КРАСНОГО КАМНЯ»,store_shelves_v1,shelf-24.jpg,38,5,store_shelves_v1/shelf-24.jpg
s-152,s-152.jpg,massandra-muskatel-belyy-belye-sorta-vinograda-beloe-sladkoe-16,«МАССАНДРА МУСКАТЕЛЬ МАССАНДРА БЕЛЫЙ 2023»,store_shelves_v1,shelf-24.jpg,63,5,store_shelves_v1/shelf-24.jpg
s-156,s-156.jpg,agora-pino-nuar,"«AGORA PINOT NOIR red semi-sweet wine, ЗГУ»; ценник «Agora Pinot Noir крас/п/сл»",store_shelves_v1,shelf-24.jpg,62,60,store_shelves_v1/shelf-24.jpg
s-157,s-157.jpg,massandra-kagor-gurzuf-saperavi-krasnoe-sladkoe-16,«МАССАНДРА КАГОР ГУРЗУФ 2024»,store_shelves_v1,shelf-25.jpg,7,10,store_shelves_v1/shelf-25.jpg
s-160,s-160.jpg,massandra-portveyn-krasnyy-alushta-krasnye-sorta-vinograda-krasnoe-sladkoe-17,"«МАССАНДРА ПОРТВЕЙН … АЛУШТА 2025», чёрная верхняя полоса как у красного Алушты 2025 (t-007); ценник «Портвейн Алушта крас.»",store_shelves_v1,shelf-25.jpg,45,10,store_shelves_v1/shelf-25.jpg
s-161,s-161.jpg,massandra-kokur-desertnyy-surozh-beloe-sladkoe-16,«МАССАНДРА КОКУР ДЕСЕРТНЫЙ СУРОЖ»; ценник «Массандра Кокур Десертный Сурож»,store_shelves_v1,shelf-25.jpg,57,10,store_shelves_v1/shelf-25.jpg
s-163,s-163.jpg,massandra-bastardo-bastardo-magarachskiy-krasnoe-sladkoe-16,«МАССАНДРА БАСТАРДО МАССАНДРА»; у края,store_shelves_v1,shelf-25.jpg,94,10,store_shelves_v1/shelf-25.jpg
s-169,s-169.jpg,massandra-muskatel-chernyy-krasnye-sorta-vinograda-krasnoe-sladkoe-16,«МАССАНДРА МУСКАТЕЛЬ … 2024»; ценник «Массандра Мускатель черный»; у края,store_shelves_v1,shelf-26.jpg,5,20,store_shelves_v1/shelf-26.jpg
s-170,s-170.jpg,portvejn-surozh,«МАССАНДРА ПОРТВЕЙН БЕЛЫЙ СУРОЖ»; ценник «Массандра Портвейн Белый Сурож»,store_shelves_v1,shelf-26.jpg,14,20,store_shelves_v1/shelf-26.jpg
s-171,s-171.jpg,massandra-portveyn-belyy-alushta-belye-sorta-vinograda-beloe-sladkoe-17,«МАССАНДРА ПОРТВЕЙН БЕЛЫЙ АЛУШТА 2025»; ценник «Массандра Портвейн Алушта бел.»,store_shelves_v1,shelf-26.jpg,24,20,store_shelves_v1/shelf-26.jpg
s-174,s-174.jpg,massandra-muskatel-rozovyy-belye-sorta-vinograda-rozovoe-sladkoe-16,«МАССАНДРА МУСКАТЕЛЬ МАССАНДРА РОЗОВЫЙ 2023»; ценник «Массандра Мускатель розовый роз.»,store_shelves_v1,shelf-26.jpg,55,20,store_shelves_v1/shelf-26.jpg
s-179,s-179.jpg,valeriy-zaharin-aligote-burlyuk-beloe-suhoe-13,«БУРЛЮК Aligote Sur Lie»; ценник «Бурлюк Aligote Sur Lie бел/сух»,store_shelves_v1,shelf-26.jpg,23,62,store_shelves_v1/shelf-26.jpg
s-206,s-206.jpg,esse-saperavi-krasnoe-suhoe-13,"Esse Саперави, чёрная этикетка; ценник «Вино Esse Саперави крас/сух»",store_shelves_v1,shelf-31.jpg,45,62,store_shelves_v1/shelf-31.jpg
s-207,s-207.jpg,esse-roze-kaberne-sovinon-rozovoe-suhoe-135,прозрачная бутылка «esse Rosé»; ценник «Вино Esse Rose»; у края,store_shelves_v1,shelf-31.jpg,92,72,store_shelves_v1/shelf-31.jpg
s-208,s-208.jpg,esse-vione-beloe-suhoe-13,"Esse, чёрная этикетка; ценник «…Вионье бел/сух»; у края",store_shelves_v1,shelf-32.jpg,10,68,store_shelves_v1/shelf-32.jpg
s-209,s-209.jpg,esse-esse-shardone-beloe-suhoe-125,"Esse, чёрная этикетка «Шардоне»; ценник «Вино Esse Шардоне бел/сух»",store_shelves_v1,shelf-32.jpg,48,68,store_shelves_v1/shelf-32.jpg
s-210,s-210.jpg,esse-rose-sira-rozovoe-suhoe-12,«KACHA VALLEY 2022 ROSE CRIMEA»; в каталоге это ESSE Rose,store_shelves_v1,shelf-32.jpg,82,70,store_shelves_v1/shelf-32.jpg
s-211,s-211.jpg,esse-sovinon-blan-beloe-suhoe-12,"ESSE с зелёной надписью и камнем, «…ЛАН», ценник «…ньон Блан»; у края",store_shelves_v1,shelf-33.jpg,8,72,store_shelves_v1/shelf-33.jpg
s-212,s-212.jpg,esse-muskat-muskat-belyy-beloe-suhoe-115;esse-muskat-belyy-beloe-suhoe-135,"ESSE «МУСКАТ урожая 2022, долина реки Черная»; ценник «Esse Muscat бел/сух»",store_shelves_v1,shelf-33.jpg,47,72,store_shelves_v1/shelf-33.jpg
s-213,s-213.jpg,esse-rkatsiteli-beloe-suhoe-125,"ESSE «РКАЦИТЕЛИ урожая 2022, долина реки Кача»; ценник «Esse Ркацители бел/сух»",store_shelves_v1,shelf-33.jpg,82,72,store_shelves_v1/shelf-33.jpg
s-214,s-214.jpg,esse-muskat-muskat-belyy-beloe-suhoe-115;esse-muskat-belyy-beloe-suhoe-135,ESSE «МУСКАТ»; ценник «Esse Muscat»; у края,store_shelves_v1,shelf-34.jpg,10,72,store_shelves_v1/shelf-34.jpg
s-215,s-215.jpg,esse-rkatsiteli-beloe-suhoe-125,ESSE «РКАЦИТЕЛИ урожая 2022»; ценник «Esse Ркацители бел/сух»,store_shelves_v1,shelf-34.jpg,47,72,store_shelves_v1/shelf-34.jpg
s-216,s-216.jpg,esse-merlo-otbornoe-krasnoe-suhoe-13,"ESSE «МЕРЛО ОТБОРНОЕ урожая 2022, долина реки Кача»; ценник «Esse Мерло Отборное крас/сух»",store_shelves_v1,shelf-35.jpg,45,72,store_shelves_v1/shelf-35.jpg
s-217,s-217.jpg,esse-saperavi-krasnoe-suhoe-13,"Esse, чёрная этикетка; ценник «Вино Esse Саперави крас/сух»; у края",store_shelves_v1,shelf-36.jpg,10,60,store_shelves_v1/shelf-36.jpg
s-218,s-218.jpg,esse-roze-kaberne-sovinon-rozovoe-suhoe-135,«esse Rosé» в прозрачной бутылке; ценник «Вино Esse Rose роз/сух»,store_shelves_v1,shelf-36.jpg,55,72,store_shelves_v1/shelf-36.jpg
s-219,s-219.jpg,esse-vione-beloe-suhoe-13,"Esse, чёрная этикетка «Вионье»; ценник «Вино Esse Вионье бел/сух»",store_shelves_v1,shelf-36.jpg,85,70,store_shelves_v1/shelf-36.jpg
s-220,s-220.jpg,esse-roze-kaberne-sovinon-rozovoe-suhoe-135,«esse Rosé»; ценник «Вино Esse Rose роз/сух»,store_shelves_v1,shelf-37.jpg,22,68,store_shelves_v1/shelf-37.jpg
s-221,s-221.jpg,esse-vione-beloe-suhoe-13,"Esse, чёрная этикетка «Вионье»; ценник «Вино Esse Вионье бел/сух»",store_shelves_v1,shelf-37.jpg,52,70,store_shelves_v1/shelf-37.jpg
s-222,s-222.jpg,esse-esse-shardone-beloe-suhoe-125,"Esse, чёрная этикетка «Шардоне»; ценник «Вино Esse Шардоне бел/сух»; у края",store_shelves_v1,shelf-37.jpg,90,70,store_shelves_v1/shelf-37.jpg
s-223,s-223.jpg,esse-kaberne-sovinon-krasnoe-suhoe-14,"Esse, чёрная этикетка «Каберне Совиньон»; ценник «Вино Esse Каберне Совиньон крас/сух»",store_shelves_v1,shelf-38.jpg,47,55,store_shelves_v1/shelf-38.jpg
s-224,s-224.jpg,esse-saperavi-krasnoe-suhoe-13,"Esse, чёрная этикетка «Саперави 2020»; у края",store_shelves_v1,shelf-38.jpg,90,52,store_shelves_v1/shelf-38.jpg
s-225,s-225.jpg,esse-kaberne-sovinon-krasnoe-suhoe-14,"Esse, чёрная этикетка «Каберне Совиньон 2021»; ценник «Вино Esse Каберне Совиньон крас/сух»",store_shelves_v1,shelf-39.jpg,47,60,store_shelves_v1/shelf-39.jpg
s-226,s-226.jpg,esse-saperavi-krasnoe-suhoe-13,"Esse, чёрная этикетка «Саперави 2020»; у края",store_shelves_v1,shelf-39.jpg,88,62,store_shelves_v1/shelf-39.jpg
s-227,s-227.jpg,esse-sovinon-blan-beloe-suhoe-12,"ESSE «СОВИНЬОН БЛАН урожая 2024, долина реки Кача»; ценник «Вино Esse Совиньон Блан бел/сух»",store_shelves_v1,shelf-40.jpg,48,72,store_shelves_v1/shelf-40.jpg
s-228,s-228.jpg,esse-muskat-muskat-belyy-beloe-suhoe-115;esse-muskat-belyy-beloe-suhoe-135,ESSE «МУСКАТ урожая 2022»; ценник «Вино Esse Mu…»; у края,store_shelves_v1,shelf-40.jpg,90,75,store_shelves_v1/shelf-40.jpg
s-229,s-229.jpg,abrau-dyurso-abrau-dyurso-pino-nuar-krasnoe-suhoe-13;abrau-dyurso-pino-nuar-krasnoe-suhoe-125;abrau-dyurso-pino-nuar-krasnoe-suhoe-12,"«Абрау-Дюрсо ПИНО НУАР, вино сухое красное 2021»; ценник «Абрау-Дюрсо Пино Нуар крас/сух»; три карточки",store_shelves_v1,shelf-41.jpg,37,75,store_shelves_v1/shelf-41.jpg
s-230,s-230.jpg,abrau-dyurso-abrau-dyurso-pino-nuar-krasnoe-suhoe-13;abrau-dyurso-pino-nuar-krasnoe-suhoe-125;abrau-dyurso-pino-nuar-krasnoe-suhoe-12,"Абрау-Дюрсо с орлом, та же линейка Пино Нуар (ценник выше); у края",store_shelves_v1,shelf-41.jpg,90,75,store_shelves_v1/shelf-41.jpg
s-231,s-231.jpg,abrau-dyurso-kaberne-sovinon-krasnoe-suhoe-125,"«Абрау-Дюрсо КАБЕРНЕ СОВИНЬОН, сухое красное 2022»; ценник «…Каберне»; у края",store_shelves_v1,shelf-42.jpg,8,70,store_shelves_v1/shelf-42.jpg
s-232,s-232.jpg,abrau-dyurso-shardone-beloe-suhoe-13;abrau-dyurso-shardone-beloe-suhoe-12,"«Абрау-Дюрсо ШАРДОНЕ, вино сухое белое 2024»; ценник «Абрау-Дюрсо Шардоне бел/сух»; две карточки",store_shelves_v1,shelf-42.jpg,44,78,store_shelves_v1/shelf-42.jpg
s-233,s-233.jpg,abrau-dyurso-abrau-dyurso-pino-nuar-krasnoe-suhoe-13;abrau-dyurso-pino-nuar-krasnoe-suhoe-125;abrau-dyurso-pino-nuar-krasnoe-suhoe-12,Абрау-Дюрсо с орлом; ценник «Абрау-Дюрсо Пино Нуар крас/сух»,store_shelves_v1,shelf-42.jpg,80,72,store_shelves_v1/shelf-42.jpg
s-235,s-235.jpg,abrau-dyurso-risling-beloe-suhoe-12;abrau-dyurso-risling-beloe-suhoe-13,"«Абрау-Дюрсо РИСЛИНГ, вино сухое белое 2024»; ценник «Абрау-Дюрсо Рислинг бел/сух»; две карточки",store_shelves_v1,shelf-44.jpg,40,72,store_shelves_v1/shelf-44.jpg
s-236,s-236.jpg,abrau-dyurso-kaberne-sovinon-krasnoe-suhoe-125,«Абрау-Дюрсо КАБЕРНЕ СОВИНЬОН»; ценник «Абрау-Дюрсо Каберне Совиньон крас/сух»,store_shelves_v1,shelf-44.jpg,76,68,store_shelves_v1/shelf-44.jpg
s-237,s-237.jpg,abrau-dyurso-risling-beloe-suhoe-12;abrau-dyurso-risling-beloe-suhoe-13,«Абрау-Дюрсо РИСЛИНГ»; у края,store_shelves_v1,shelf-45.jpg,12,73,store_shelves_v1/shelf-45.jpg
s-238,s-238.jpg,abrau-dyurso-kaberne-sovinon-krasnoe-suhoe-125,«Абрау-Дюрсо КАБЕРНЕ СОВИНЬОН»; ценник «Абрау-Дюрсо Каберне Совиньон крас/сух»,store_shelves_v1,shelf-45.jpg,46,72,store_shelves_v1/shelf-45.jpg
s-239,s-239.jpg,abrau-dyurso-shardone-beloe-suhoe-13;abrau-dyurso-shardone-beloe-suhoe-12,«Абрау-Дюрсо ШАРДОНЕ»; ценник «Абрау-Дюрсо Шардоне бел/сух»,store_shelves_v1,shelf-45.jpg,73,76,store_shelves_v1/shelf-45.jpg
s-240,s-240.jpg,kuban-vino-shato-tamane-rezerv-kaberne-limited-edishn-2022-kaberne-sovinon-krasnoe-suhoe-14,«Château TAMAGNE RESERVE Édition Limitée Каберне 2022»,store_shelves_v1,shelf-46.jpg,56,68,store_shelves_v1/shelf-46.jpg
s-242,s-242.jpg,massandra-muskatel-belyy-belye-sorta-vinograda-beloe-sladkoe-16,«МАССАНДРА МУСКАТЕЛЬ МАССАНДРА БЕЛЫЙ 2023»,store_shelves_v1,shelf-47.jpg,51,72,store_shelves_v1/shelf-47.jpg
s-243,s-243.jpg,massandra-bastardo-bastardo-magarachskiy-krasnoe-sladkoe-16,«…БАСТАРДО МАССАНДРА»; у края,store_shelves_v1,shelf-48.jpg,4,72,store_shelves_v1/shelf-48.jpg
s-244,s-244.jpg,massandra-muskat-belyy-krasnogo-kamnya-beloe-sladkoe-13,«МАССАНДРА МУСКАТ БЕЛЫЙ КРАСНОГО КАМНЯ»,store_shelves_v1,shelf-48.jpg,29,72,store_shelves_v1/shelf-48.jpg
s-246,s-246.jpg,massandra-muskatel-belyy-belye-sorta-vinograda-beloe-sladkoe-16,«МАССАНДРА МУСКАТЕЛЬ МАССАНДРА БЕЛЫЙ 2023»,store_shelves_v1,shelf-48.jpg,82,72,store_shelves_v1/shelf-48.jpg
s-247,s-247.jpg,massandra-kokur-desertnyy-surozh-beloe-sladkoe-16,«…КОКУР ДЕСЕРТНЫЙ СУРОЖ» Массандра; у края,store_shelves_v1,shelf-49.jpg,5,72,store_shelves_v1/shelf-49.jpg
s-249,s-249.jpg,massandra-bastardo-bastardo-magarachskiy-krasnoe-sladkoe-16,«МАССАНДРА БАСТАРДО МАССАНДРА»,store_shelves_v1,shelf-49.jpg,72,72,store_shelves_v1/shelf-49.jpg
s-251,s-251.jpg,massandra-bastardo-bastardo-magarachskiy-krasnoe-sladkoe-16,«МАССАНДРА БАСТАРДО МАССАНДРА»,store_shelves_v1,shelf-50.jpg,43,74,store_shelves_v1/shelf-50.jpg
s-252,s-252.jpg,massandra-muskat-belyy-krasnogo-kamnya-beloe-sladkoe-13,«МАССАНДРА МУСКАТ БЕЛЫЙ КРАСНОГО КАМНЯ»,store_shelves_v1,shelf-50.jpg,68,74,store_shelves_v1/shelf-50.jpg
t-001,t-001.jpg,massandra-kokur-desertnyy-surozh-beloe-sladkoe-16,"На этикетке: КОКУР ДЕСЕРТНЫЙ СУРОЖ, выдержка в дубе.",store_shelves_v2,51.jpg,31,72,store_shelves_v2/51.jpg
t-003,t-003.jpg,massandra-portveyn-krasnyy-alushta-krasnye-sorta-vinograda-krasnoe-sladkoe-17,"На этикетке: ПОРТВЕЙН КРАСНЫЙ АЛУШТА, 2025. Совпадают производитель, цвет и название.",store_shelves_v2,52.jpg,23,72,store_shelves_v2/52.jpg
t-004,t-004.jpg,massandra-kokur-desertnyy-surozh-beloe-sladkoe-16,"На этикетке: КОКУР ДЕСЕРТНЫЙ СУРОЖ, выдержка в дубе.",store_shelves_v2,52.jpg,51,72,store_shelves_v2/52.jpg
t-007,t-007.jpg,massandra-portveyn-krasnyy-alushta-krasnye-sorta-vinograda-krasnoe-sladkoe-17,"На этикетке: ПОРТВЕЙН КРАСНЫЙ АЛУШТА, 2025. Совпадают производитель, цвет и название.",store_shelves_v2,53.jpg,51,69,store_shelves_v2/53.jpg
t-008,t-008.jpg,massandra-kokur-desertnyy-surozh-beloe-sladkoe-16,"На этикетке: КОКУР ДЕСЕРТНЫЙ СУРОЖ, выдержка в дубе.",store_shelves_v2,53.jpg,78,70,store_shelves_v2/53.jpg
t-011,t-011.jpg,massandra-portveyn-krasnyy-alushta-krasnye-sorta-vinograda-krasnoe-sladkoe-17,"На этикетке: ПОРТВЕЙН КРАСНЫЙ АЛУШТА, 2025. Совпадают производитель, цвет и название.",store_shelves_v2,54.jpg,77,75,store_shelves_v2/54.jpg
t-012,t-012.jpg,massandra-kagor-gurzuf-saperavi-krasnoe-sladkoe-16,"На этикетке: КАГОР ГУРЗУФ, 2024.",store_shelves_v2,55.jpg,21,70,store_shelves_v2/55.jpg
t-015,t-015.jpg,massandra-muskatel-rozovyy-belye-sorta-vinograda-rozovoe-sladkoe-16,"На этикетке: МУСКАТЕЛЬ МАССАНДРА РОЗОВЫЙ, 2023.",store_shelves_v2,56.jpg,19,73,store_shelves_v2/56.jpg
t-016,t-016.jpg,massandra-kagor-gurzuf-saperavi-krasnoe-sladkoe-16,"На этикетке: КАГОР ГУРЗУФ, 2024.",store_shelves_v2,56.jpg,47,73,store_shelves_v2/56.jpg
t-019,t-019.jpg,massandra-muskatel-rozovyy-belye-sorta-vinograda-rozovoe-sladkoe-16,"На этикетке: МУСКАТЕЛЬ МАССАНДРА РОЗОВЫЙ, 2023.",store_shelves_v2,57.jpg,49,77,store_shelves_v2/57.jpg
t-020,t-020.jpg,massandra-kagor-gurzuf-saperavi-krasnoe-sladkoe-16,"На этикетке: КАГОР ГУРЗУФ, 2024.",store_shelves_v2,57.jpg,75,77,store_shelves_v2/57.jpg
t-023,t-023.jpg,massandra-muskatel-rozovyy-belye-sorta-vinograda-rozovoe-sladkoe-16,"На этикетке: МУСКАТЕЛЬ МАССАНДРА РОЗОВЫЙ, 2023.",store_shelves_v2,58.jpg,76,70,store_shelves_v2/58.jpg
t-024,t-024.jpg,massandra-portveyn-belyy-alushta-belye-sorta-vinograda-beloe-sladkoe-17,"На этикетке: ПОРТВЕЙН БЕЛЫЙ АЛУШТА, 2025.",store_shelves_v2,59.jpg,26,75,store_shelves_v2/59.jpg
t-027,t-027.jpg,portvejn-surozh,"На этикетке: ПОРТВЕЙН БЕЛЫЙ СУРОЖ. Это портвейн, не десертный Кокур Сурож.",store_shelves_v2,60.jpg,20,66,store_shelves_v2/60.jpg
t-028,t-028.jpg,massandra-portveyn-belyy-alushta-belye-sorta-vinograda-beloe-sladkoe-17,"На этикетке: ПОРТВЕЙН БЕЛЫЙ АЛУШТА, 2025.",store_shelves_v2,60.jpg,47,66,store_shelves_v2/60.jpg
t-030,t-030.jpg,massandra-muskatel-chernyy-krasnye-sorta-vinograda-krasnoe-sladkoe-16,"На этикетке: МУСКАТЕЛЬ МАССАНДРА ЧЕРНЫЙ, 2024.",store_shelves_v2,61.jpg,28,71,store_shelves_v2/61.jpg
t-031,t-031.jpg,portvejn-surozh,"На этикетке: ПОРТВЕЙН БЕЛЫЙ СУРОЖ. Это портвейн, не десертный Кокур Сурож.",store_shelves_v2,61.jpg,55,72,store_shelves_v2/61.jpg
t-032,t-032.jpg,massandra-portveyn-belyy-alushta-belye-sorta-vinograda-beloe-sladkoe-17,"На этикетке: ПОРТВЕЙН БЕЛЫЙ АЛУШТА, 2025.",store_shelves_v2,61.jpg,81,74,store_shelves_v2/61.jpg
t-033,t-033.jpg,massandra-muskatel-chernyy-krasnye-sorta-vinograda-krasnoe-sladkoe-16,"На этикетке: МУСКАТЕЛЬ МАССАНДРА ЧЕРНЫЙ, 2024.",store_shelves_v2,62.jpg,49,60,store_shelves_v2/62.jpg
t-034,t-034.jpg,portvejn-surozh,"На этикетке: ПОРТВЕЙН БЕЛЫЙ СУРОЖ. Это портвейн, не десертный Кокур Сурож.",store_shelves_v2,62.jpg,73,62,store_shelves_v2/62.jpg
t-035,t-035.jpg,massandra-portveyn-belyy-krymskiy-kokur-beloe-sladkoe-18,"На этикетке: ПОРТВЕЙН БЕЛЫЙ КРЫМСКИЙ, выдержка в дубе.",store_shelves_v2,63.jpg,20,71,store_shelves_v2/63.jpg
t-037,t-037.jpg,massandra-muskatel-chernyy-krasnye-sorta-vinograda-krasnoe-sladkoe-16,"На этикетке: МУСКАТЕЛЬ МАССАНДРА ЧЕРНЫЙ, 2024.",store_shelves_v2,63.jpg,84,69,store_shelves_v2/63.jpg
t-039,t-039.jpg,massandra-portveyn-belyy-krymskiy-kokur-beloe-sladkoe-18,"На этикетке: ПОРТВЕЙН БЕЛЫЙ КРЫМСКИЙ, выдержка в дубе.",store_shelves_v2,64.jpg,54,70,store_shelves_v2/64.jpg
t-043,t-043.jpg,massandra-portveyn-belyy-krymskiy-kokur-beloe-sladkoe-18,"На этикетке: ПОРТВЕЙН БЕЛЫЙ КРЫМСКИЙ, выдержка в дубе.",store_shelves_v2,65.jpg,78,75,store_shelves_v2/65.jpg
t-047,t-047.jpg,abrau-dyurso-shardone-beloe-suhoe-13;abrau-dyurso-shardone-beloe-suhoe-12,"На этикетке: Русский винный дом Абрау-Дюрсо, ШАРДОНЕ, сухое белое 2024; герб и номер тиража. Допускаются две одноимённые каталожные карточки; год и номер бутылки не являются отдельным классом.",store_shelves_v2,67.jpg,28,79,store_shelves_v2/67.jpg
t-050,t-050.jpg,abrau-dyurso-abrau-dyurso-pino-nuar-krasnoe-suhoe-13;abrau-dyurso-pino-nuar-krasnoe-suhoe-125;abrau-dyurso-pino-nuar-krasnoe-suhoe-12,"На этикетке: Русский винный дом Абрау-Дюрсо, ПИНО НУАР, сухое красное 2024; бордовый герб и капсула. Белая этикетка с красным гербом; три каталожные карточки с этой этикеткой.",store_shelves_v2,68.jpg,30,79,store_shelves_v2/68.jpg
t-051,t-051.jpg,abrau-dyurso-shardone-beloe-suhoe-13;abrau-dyurso-shardone-beloe-suhoe-12,"На этикетке: Русский винный дом Абрау-Дюрсо, ШАРДОНЕ, сухое белое 2024; герб и номер тиража. Допускаются две одноимённые каталожные карточки; год и номер бутылки не являются отдельным классом.",store_shelves_v2,68.jpg,60,79,store_shelves_v2/68.jpg
t-053,t-053.jpg,abrau-dyurso-kaberne-sovinon-krasnoe-suhoe-125,"На этикетке: Русский винный дом Абрау-Дюрсо, КАБЕРНЕ СОВИНЬОН; бордовый герб на белой этикетке.",store_shelves_v2,69.jpg,14,66,store_shelves_v2/69.jpg
t-054,t-054.jpg,abrau-dyurso-risling-beloe-suhoe-12;abrau-dyurso-risling-beloe-suhoe-13,"На этикетке: Русский винный дом Абрау-Дюрсо, РИСЛИНГ, сухое белое 2024; высокая бутылка, герб. Допускаются одноимённые карточки одного типа вина.",store_shelves_v2,69.jpg,32,80,store_shelves_v2/69.jpg
t-055,t-055.jpg,abrau-dyurso-abrau-dyurso-pino-nuar-krasnoe-suhoe-13;abrau-dyurso-pino-nuar-krasnoe-suhoe-125;abrau-dyurso-pino-nuar-krasnoe-suhoe-12,"На этикетке: Русский винный дом Абрау-Дюрсо, ПИНО НУАР, сухое красное 2024; бордовый герб и капсула. Белая этикетка с красным гербом; три каталожные карточки с этой этикеткой.",store_shelves_v2,69.jpg,59,81,store_shelves_v2/69.jpg
t-056,t-056.jpg,abrau-dyurso-shardone-beloe-suhoe-13;abrau-dyurso-shardone-beloe-suhoe-12,"На этикетке: Русский винный дом Абрау-Дюрсо, ШАРДОНЕ, сухое белое 2024; герб и номер тиража. Допускаются две одноимённые каталожные карточки; год и номер бутылки не являются отдельным классом.",store_shelves_v2,69.jpg,86,81,store_shelves_v2/69.jpg
t-057,t-057.jpg,abrau-dyurso-kaberne-sovinon-krasnoe-suhoe-125,"На этикетке: Русский винный дом Абрау-Дюрсо, КАБЕРНЕ СОВИНЬОН; бордовый герб на белой этикетке.",store_shelves_v2,70.jpg,28,65,store_shelves_v2/70.jpg
t-058,t-058.jpg,abrau-dyurso-risling-beloe-suhoe-12;abrau-dyurso-risling-beloe-suhoe-13,"На этикетке: Русский винный дом Абрау-Дюрсо, РИСЛИНГ, сухое белое 2024; высокая бутылка, герб. Допускаются одноимённые карточки одного типа вина.",store_shelves_v2,70.jpg,52,85,store_shelves_v2/70.jpg
t-059,t-059.jpg,abrau-dyurso-abrau-dyurso-pino-nuar-krasnoe-suhoe-13;abrau-dyurso-pino-nuar-krasnoe-suhoe-125;abrau-dyurso-pino-nuar-krasnoe-suhoe-12,"На этикетке: Русский винный дом Абрау-Дюрсо, ПИНО НУАР, сухое красное 2024; бордовый герб и капсула. Белая этикетка с красным гербом; три каталожные карточки с этой этикеткой.",store_shelves_v2,70.jpg,80,84,store_shelves_v2/70.jpg
t-060,t-060.jpg,abrau-dyurso-kaberne-sovinon-krasnoe-suhoe-125,"На этикетке: Русский винный дом Абрау-Дюрсо, КАБЕРНЕ СОВИНЬОН; бордовый герб на белой этикетке.",store_shelves_v2,71.jpg,52,71,store_shelves_v2/71.jpg
t-061,t-061.jpg,olymp-winery-adagum-odessa-black-kuban-odesskiy-chernyy-krasnoe-suhoe-11,"На этикетке: ADAGUM ОДЕССКИЙ ЧЕРНЫЙ, сухое красное, Кубань; синий пейзаж.",store_shelves_v2,72.jpg,25,59,store_shelves_v2/72.jpg
t-062,t-062.jpg,olymp-winery-adagum-saperavi-saperavi-krasnoe-suhoe-11,"На этикетке: ADAGUM SAPERAVI, сухое красное, Кубань; бордовый пейзаж.",store_shelves_v2,72.jpg,51,60,store_shelves_v2/72.jpg
t-063,t-063.jpg,olymp-winery-adagum-riesling-risling-beloe-suhoe-11,"На этикетке: ADAGUM RIESLING, сухое белое, Кубань; зелёный пейзаж.",store_shelves_v2,73.jpg,26,79,store_shelves_v2/73.jpg
t-064,t-064.jpg,olymp-winery-adagum-odessa-black-kuban-odesskiy-chernyy-krasnoe-suhoe-11,"На этикетке: ADAGUM ОДЕССКИЙ ЧЕРНЫЙ, сухое красное, Кубань; синий пейзаж.",store_shelves_v2,73.jpg,55,69,store_shelves_v2/73.jpg
t-065,t-065.jpg,olymp-winery-adagum-saperavi-saperavi-krasnoe-suhoe-11,"На этикетке: ADAGUM SAPERAVI, сухое красное, Кубань; бордовый пейзаж.",store_shelves_v2,73.jpg,86,71,store_shelves_v2/73.jpg
t-066,t-066.jpg,olymp-winery-adagum-chardonnay-shardone-beloe-suhoe-11;olymp-winery-adagum-chardonnay-kuban-shardone-beloe-suhoe-11,"На этикетке: ADAGUM CHARDONNAY, сухое белое, Кубань; золотой пейзаж. Допускаются одноимённые каталожные карточки обычной линейки, не Estate.",store_shelves_v2,74.jpg,20,73,store_shelves_v2/74.jpg
t-067,t-067.jpg,olymp-winery-adagum-riesling-risling-beloe-suhoe-11,"На этикетке: ADAGUM RIESLING, сухое белое, Кубань; зелёный пейзаж.",store_shelves_v2,74.jpg,47,73,store_shelves_v2/74.jpg
t-068,t-068.jpg,olymp-winery-adagum-odessa-black-kuban-odesskiy-chernyy-krasnoe-suhoe-11,"На этикетке: ADAGUM ОДЕССКИЙ ЧЕРНЫЙ, сухое красное, Кубань; синий пейзаж.",store_shelves_v2,74.jpg,75,62,store_shelves_v2/74.jpg
t-070,t-070.jpg,olymp-winery-adagum-chardonnay-shardone-beloe-suhoe-11;olymp-winery-adagum-chardonnay-kuban-shardone-beloe-suhoe-11,"На этикетке: ADAGUM CHARDONNAY, сухое белое, Кубань; золотой пейзаж. Допускаются одноимённые каталожные карточки обычной линейки, не Estate.",store_shelves_v2,75.jpg,52,76,store_shelves_v2/75.jpg
t-071,t-071.jpg,olymp-winery-adagum-riesling-risling-beloe-suhoe-11,"На этикетке: ADAGUM RIESLING, сухое белое, Кубань; зелёный пейзаж.",store_shelves_v2,75.jpg,81,75,store_shelves_v2/75.jpg
t-074,t-074.jpg,olymp-winery-adagum-chardonnay-shardone-beloe-suhoe-11;olymp-winery-adagum-chardonnay-kuban-shardone-beloe-suhoe-11,"На этикетке: ADAGUM CHARDONNAY, сухое белое, Кубань; золотой пейзаж. Допускаются одноимённые каталожные карточки обычной линейки, не Estate.",store_shelves_v2,76.jpg,80,81,store_shelves_v2/76.jpg
t-076,t-076.jpg,olymp-winery-adagum-krasnostop-krasnostop-zolotovskiy-krasnoe-suhoe-11,"На этикетке: ADAGUM KRASNOSTOP, сухое красное, Кубань; бордовый пейзаж.",store_shelves_v2,77.jpg,39,60,store_shelves_v2/77.jpg
t-080,t-080.jpg,olymp-winery-adagum-krasnostop-krasnostop-zolotovskiy-krasnoe-suhoe-11,"На этикетке: ADAGUM KRASNOSTOP, сухое красное, Кубань; бордовый пейзаж.",store_shelves_v2,78.jpg,54,55,store_shelves_v2/78.jpg
t-082,t-082.jpg,vysokij-bereg-traminer-zelenaya-seriya,"На этикетке: ВЫСОКИЙ БЕРЕГ, ТРАМИНЕР, 2025. Та же зелёная серия, что в каталоге.",store_shelves_v2,79.jpg,16,75,store_shelves_v2/79.jpg
t-083,t-083.jpg,vysokij-bereg-risling-zelenaya-seriya,"На этикетке: ВЫСОКИЙ БЕРЕГ, РИСЛИНГ, 2025. Зелёная серия; несколько карточек одного наименования.",store_shelves_v2,79.jpg,38,75,store_shelves_v2/79.jpg
t-087,t-087.jpg,vysokij-bereg-traminer-zelenaya-seriya,"На этикетке: ВЫСОКИЙ БЕРЕГ, ТРАМИНЕР, 2025. Та же зелёная серия, что в каталоге.",store_shelves_v2,80.jpg,34,75,store_shelves_v2/80.jpg
t-088,t-088.jpg,vysokij-bereg-risling-zelenaya-seriya,"На этикетке: ВЫСОКИЙ БЕРЕГ, РИСЛИНГ, 2025. Зелёная серия; несколько карточек одного наименования.",store_shelves_v2,80.jpg,54,75,store_shelves_v2/80.jpg
t-093,t-093.jpg,vysokij-bereg-traminer-zelenaya-seriya,"На этикетке: ВЫСОКИЙ БЕРЕГ, ТРАМИНЕР, 2025. Та же зелёная серия, что в каталоге.",store_shelves_v2,81.jpg,64,69,store_shelves_v2/81.jpg
t-094,t-094.jpg,vysokij-bereg-risling-zelenaya-seriya,"На этикетке: ВЫСОКИЙ БЕРЕГ, РИСЛИНГ, 2025. Зелёная серия; несколько карточек одного наименования.",store_shelves_v2,81.jpg,83,69,store_shelves_v2/81.jpg
t-112,t-112.jpg,solnechnaya-dolina-privat-kaberne-sovinon-krasnoe-sladkoe-155,"На этикетке: ПРИВАТ, 2024, КРАСНОЕ, Солнечная Долина, креплёное ликёрное вино.",store_shelves_v2,88.jpg,20,63,store_shelves_v2/88.jpg
t-116,t-116.jpg,solnechnaya-dolina-privat-kaberne-sovinon-krasnoe-sladkoe-155,"На этикетке: ПРИВАТ, 2024, КРАСНОЕ, Солнечная Долина, креплёное ликёрное вино.",store_shelves_v2,89.jpg,47,68,store_shelves_v2/89.jpg
t-120,t-120.jpg,solnechnaya-dolina-privat-kaberne-sovinon-krasnoe-sladkoe-155,"На этикетке: ПРИВАТ, 2024, КРАСНОЕ, Солнечная Долина, креплёное ликёрное вино.",store_shelves_v2,90.jpg,71,61,store_shelves_v2/90.jpg
t-123,t-123.jpg,beloe-suhoe,"Этикетка с рыбой и цветами, вертикальная надпись «Солнечная долина», СУХОЕ БЕЛОЕ. Каталожное «Белое сухое» Солнечной Долины - та же этикетка.",store_shelves_v2,91.jpg,72,70,store_shelves_v2/91.jpg
t-125,t-125.jpg,beloe-suhoe,"Этикетка с рыбой и цветами, вертикальная надпись «Солнечная долина», СУХОЕ БЕЛОЕ. Каталожное «Белое сухое» Солнечной Долины - та же этикетка.",store_shelves_v2,92.jpg,46,78,store_shelves_v2/92.jpg
t-127,t-127.jpg,beloe-suhoe,"Этикетка с рыбой и цветами, вертикальная надпись «Солнечная долина», СУХОЕ БЕЛОЕ. Каталожное «Белое сухое» Солнечной Долины - та же этикетка.",store_shelves_v2,93.jpg,14,83,store_shelves_v2/93.jpg
t-145,t-145.jpg,shato-taman-krasnostop;kuban-vino-krasnostop-de-tamane-krasnostop-anapskiy-krasnoe-suhoe-13,"На этикетке: CHATEAU TAMAGNE KRASNOSTOP, красностоп сухое красное 2024. В каталоге две карточки с этой этикеткой.",store_shelves_v2,102.jpg,18,68,store_shelves_v2/102.jpg
t-147,t-147.jpg,kuban-vino-shato-tamane-selekt-ruzh-saperavi-krasnoe-suhoe-125,"На этикетке: CHATEAU TAMAGNE SELECT ROUGE, видна часть этикетки.",store_shelves_v2,102.jpg,70,72,store_shelves_v2/102.jpg
t-148,t-148.jpg,kuban-vino-shato-tamane-delikeyt-roze-2024-bianka-rozovoe-suhoe-95,"На этикетке: CHATEAU TAMAGNE DÉLICATE ROSE, розовая этикетка с большой D.",store_shelves_v2,103.jpg,14,62,store_shelves_v2/103.jpg
t-150,t-150.jpg,shato-taman-kaberne-sovinon,"На этикетке: CHATEAU TAMAGNE CABERNET SAUVIGNON, каберне совиньон сухое розовое 2025.",store_shelves_v2,103.jpg,71,65,store_shelves_v2/103.jpg
t-152,t-152.jpg,shato-taman-kaberne-sovinon,"На этикетке: CHATEAU TAMAGNE CABERNET SAUVIGNON, каберне совиньон сухое розовое 2025.",store_shelves_v2,104.jpg,38,68,store_shelves_v2/104.jpg
t-153,t-153.jpg,shato-taman-krasnostop;kuban-vino-krasnostop-de-tamane-krasnostop-anapskiy-krasnoe-suhoe-13,"На этикетке: CHATEAU TAMAGNE KRASNOSTOP, красностоп сухое красное 2024. В каталоге две карточки с этой этикеткой.",store_shelves_v2,104.jpg,86,66,store_shelves_v2/104.jpg
t-154,t-154.jpg,shato-taman-kaberne-sovinon,"На этикетке: CHATEAU TAMAGNE CABERNET SAUVIGNON, каберне совиньон сухое розовое 2025.",store_shelves_v2,105.jpg,13,70,store_shelves_v2/105.jpg
t-155,t-155.jpg,shato-taman-krasnostop;kuban-vino-krasnostop-de-tamane-krasnostop-anapskiy-krasnoe-suhoe-13,"На этикетке: CHATEAU TAMAGNE KRASNOSTOP, красностоп сухое красное 2024. В каталоге две карточки с этой этикеткой.",store_shelves_v2,105.jpg,42,68,store_shelves_v2/105.jpg
t-157,t-157.jpg,kuban-vino-shato-tamane-selekt-ruzh-saperavi-krasnoe-suhoe-125,"На этикетке: CHATEAU TAMAGNE SELECT ROUGE, видна часть этикетки.",store_shelves_v2,105.jpg,90,76,store_shelves_v2/105.jpg
t-158,t-158.jpg,derbent-vino-di-kaspiko-roze-shardone-rozovoe-suhoe-12,"На этикетке: DI CASPICO РОЗЕ, розовое сухое, вино из винограда, выращенного в Дагестане.",store_shelves_v2,106.jpg,24,70,store_shelves_v2/106.jpg
t-159,t-159.jpg,kuban-vino-shato-tamane-delikeyt-roze-2024-bianka-rozovoe-suhoe-95,"На этикетке: CHATEAU TAMAGNE DÉLICATE ROSE, розовая этикетка с большой D.",store_shelves_v2,106.jpg,50,64,store_shelves_v2/106.jpg
t-161,t-161.jpg,derbent-vino-di-kaspiko-merlo-krasnoe-suhoe-13,"На этикетке: DI CASPICO МЕРЛО, красное сухое.",store_shelves_v2,107.jpg,13,64,store_shelves_v2/107.jpg
t-162,t-162.jpg,derbent-vino-di-kaspiko-sovinon-sovinon-blan-beloe-suhoe-12,"На этикетке: DI CASPICO СОВИНЬОН, белое сухое.",store_shelves_v2,107.jpg,32,64,store_shelves_v2/107.jpg
t-163,t-163.jpg,derbent-vino-di-kaspiko-roze-shardone-rozovoe-suhoe-12,"На этикетке: DI CASPICO РОЗЕ, розовое сухое, вино из винограда, выращенного в Дагестане.",store_shelves_v2,107.jpg,51,64,store_shelves_v2/107.jpg
t-164,t-164.jpg,kuban-vino-shato-tamane-delikeyt-roze-2024-bianka-rozovoe-suhoe-95,"На этикетке: CHATEAU TAMAGNE DÉLICATE ROSE, розовая этикетка с большой D.",store_shelves_v2,107.jpg,71,58,store_shelves_v2/107.jpg
t-167,t-167.jpg,derbent-vino-di-kaspiko-risling-beloe-suhoe-12,"На этикетке: DI CASPICO РИСЛИНГ, белое сухое, обычная линейка.",store_shelves_v2,108.jpg,30,66,store_shelves_v2/108.jpg
t-168,t-168.jpg,derbent-vino-di-kaspiko-merlo-krasnoe-suhoe-13,"На этикетке: DI CASPICO МЕРЛО, красное сухое.",store_shelves_v2,108.jpg,50,66,store_shelves_v2/108.jpg
t-169,t-169.jpg,derbent-vino-di-kaspiko-sovinon-sovinon-blan-beloe-suhoe-12,"На этикетке: DI CASPICO СОВИНЬОН, белое сухое.",store_shelves_v2,108.jpg,70,66,store_shelves_v2/108.jpg
t-170,t-170.jpg,derbent-vino-di-kaspiko-roze-shardone-rozovoe-suhoe-12,"На этикетке: DI CASPICO РОЗЕ, розовое сухое, вино из винограда, выращенного в Дагестане.",store_shelves_v2,108.jpg,90,66,store_shelves_v2/108.jpg
t-175,t-175.jpg,derbent-vino-di-kaspiko-risling-beloe-suhoe-12,"На этикетке: DI CASPICO РИСЛИНГ, белое сухое, обычная линейка.",store_shelves_v2,110.jpg,71,66,store_shelves_v2/110.jpg
t-176,t-176.jpg,derbent-vino-di-kaspiko-merlo-krasnoe-suhoe-13,"На этикетке: DI CASPICO МЕРЛО, красное сухое.",store_shelves_v2,110.jpg,91,66,store_shelves_v2/110.jpg
t-178,t-178.jpg,derbent-vino-di-kaspiko-risling-beloe-suhoe-12,"На этикетке: DI CASPICO РИСЛИНГ, белое сухое, обычная линейка.",store_shelves_v2,111.jpg,51,66,store_shelves_v2/111.jpg
t-179,t-179.jpg,derbent-vino-di-kaspiko-merlo-krasnoe-suhoe-13,"На этикетке: DI CASPICO МЕРЛО, красное сухое.",store_shelves_v2,111.jpg,72,66,store_shelves_v2/111.jpg
